-- phpMyAdmin SQL Dump
-- version 4.0.4.1
-- http://www.phpmyadmin.net
--
-- Servidor: localhost
-- Tiempo de generación: 18-02-2014 a las 15:54:38
-- Versión del servidor: 5.6.12
-- Versión de PHP: 5.5.3

SET SQL_MODE = "NO_AUTO_VALUE_ON_ZERO";
SET time_zone = "+00:00";


/*!40101 SET @OLD_CHARACTER_SET_CLIENT=@@CHARACTER_SET_CLIENT */;
/*!40101 SET @OLD_CHARACTER_SET_RESULTS=@@CHARACTER_SET_RESULTS */;
/*!40101 SET @OLD_COLLATION_CONNECTION=@@COLLATION_CONNECTION */;
/*!40101 SET NAMES utf8 */;

--
-- Base de datos: `censo_bioetica`
--
CREATE DATABASE IF NOT EXISTS `censo_bioetica` DEFAULT CHARACTER SET utf8 COLLATE utf8_general_ci;
USE `censo_bioetica`;

-- --------------------------------------------------------

--
-- Estructura de tabla para la tabla `accion`
--

CREATE TABLE IF NOT EXISTS `accion` (
  `id` int(200) NOT NULL AUTO_INCREMENT,
  `accion` varchar(10) NOT NULL,
  `descripcion` varchar(200) NOT NULL,
  PRIMARY KEY (`id`)
) ENGINE=MyISAM DEFAULT CHARSET=utf8 COMMENT='Almacena los tipos de acciones al momento de solicitar una c' AUTO_INCREMENT=1 ;

-- --------------------------------------------------------

--
-- Estructura de tabla para la tabla `actividades`
--

CREATE TABLE IF NOT EXISTS `actividades` (
  `id` int(200) NOT NULL AUTO_INCREMENT,
  `actividades` varchar(200) NOT NULL,
  `descripcion` varchar(200) NOT NULL,
  PRIMARY KEY (`id`)
) ENGINE=MyISAM  DEFAULT CHARSET=utf8 COMMENT='Almacena las actividades que puede desempeniar una instituci' AUTO_INCREMENT=5 ;

--
-- Volcado de datos para la tabla `actividades`
--

INSERT INTO `actividades` (`id`, `actividades`, `descripcion`) VALUES
(1, 'Docencia', ''),
(2, 'Investigación', ''),
(3, 'Asistencial', ''),
(4, 'Otra', '');

-- --------------------------------------------------------

--
-- Estructura de tabla para la tabla `administradores`
--

CREATE TABLE IF NOT EXISTS `administradores` (
  `id` int(200) NOT NULL AUTO_INCREMENT,
  `nombre` varchar(200) NOT NULL,
  `apellido` varchar(200) NOT NULL,
  `cedula` varchar(200) NOT NULL,
  `nacionalidad` varchar(200) NOT NULL,
  `correo` varchar(200) NOT NULL,
  `telefono` varchar(200) NOT NULL,
  `contrasenia` varchar(200) NOT NULL,
  `privilegio` varchar(10) NOT NULL,
  PRIMARY KEY (`id`)
) ENGINE=MyISAM  DEFAULT CHARSET=utf8 COMMENT='Almacena los datos de los administradores del sistema' AUTO_INCREMENT=3 ;

--
-- Volcado de datos para la tabla `administradores`
--

INSERT INTO `administradores` (`id`, `nombre`, `apellido`, `cedula`, `nacionalidad`, `correo`, `telefono`, `contrasenia`, `privilegio`) VALUES
(1, 'Domingo José', 'Ilarreta Heydras', '17588630', 'Venezolana', 'dilarreta@inhrr.gob.ve', '02122191615', '5fb4f4369e82ec5d08ef3db404e32a30', '0'),
(2, 'Victor', 'Rodriguez', '12140750', 'Venezolana', 'vrodriguez@inhrr.gob.ve', '02122191610', 'efe2952e6c5356845dc9fb00ab4e35b4', '0');

-- --------------------------------------------------------

--
-- Estructura de tabla para la tabla `asoc_actividades`
--

CREATE TABLE IF NOT EXISTS `asoc_actividades` (
  `id` int(200) NOT NULL AUTO_INCREMENT,
  `cod_actividades` varchar(50) NOT NULL,
  `asoc_actividades` varchar(200) NOT NULL,
  `descripcion` varchar(200) NOT NULL,
  PRIMARY KEY (`id`)
) ENGINE=MyISAM  DEFAULT CHARSET=utf8 COMMENT='Almacena los tipos de actividades asociadas a la tabla activ' AUTO_INCREMENT=8 ;

--
-- Volcado de datos para la tabla `asoc_actividades`
--

INSERT INTO `asoc_actividades` (`id`, `cod_actividades`, `asoc_actividades`, `descripcion`) VALUES
(1, '1', 'Pregrado', ''),
(2, '1', 'Postgrado', ''),
(3, '1', 'Capacitación', ''),
(4, '2', 'Inv. opción 1', ''),
(5, '2', 'Inv. opción 2', ''),
(6, '3', 'Asist. Opción 1', ''),
(7, '3', 'Asist. Opción 2', '');

-- --------------------------------------------------------

--
-- Estructura de tabla para la tabla `asoc_tipo_establecimiento`
--

CREATE TABLE IF NOT EXISTS `asoc_tipo_establecimiento` (
  `id` int(200) NOT NULL AUTO_INCREMENT,
  `cod_tipo_establecimiento` varchar(200) NOT NULL,
  `asoc_tipo_establecimiento` varchar(200) NOT NULL,
  `descripcion` varchar(200) NOT NULL,
  PRIMARY KEY (`id`)
) ENGINE=MyISAM DEFAULT CHARSET=utf8 COMMENT='Almacena los establecimientos asociados por algun tipo de es' AUTO_INCREMENT=1 ;

-- --------------------------------------------------------

--
-- Estructura de tabla para la tabla `censo_actividades`
--

CREATE TABLE IF NOT EXISTS `censo_actividades` (
  `id` int(200) NOT NULL AUTO_INCREMENT,
  `cod_censo` varchar(200) NOT NULL,
  `cod_actividades` varchar(200) NOT NULL,
  `cod_asoc_actividades` varchar(200) NOT NULL,
  PRIMARY KEY (`id`)
) ENGINE=MyISAM DEFAULT CHARSET=utf8 COMMENT='Almacena el codigo de la actividad y sus asociados de un res' AUTO_INCREMENT=1 ;

-- --------------------------------------------------------

--
-- Estructura de tabla para la tabla `censo_tipo_comite`
--

CREATE TABLE IF NOT EXISTS `censo_tipo_comite` (
  `id` int(200) NOT NULL AUTO_INCREMENT,
  `cod_censo` varchar(200) NOT NULL,
  `cod_tipo_comite` varchar(200) NOT NULL,
  `fecha_constitucion` varchar(200) NOT NULL,
  PRIMARY KEY (`id`)
) ENGINE=MyISAM DEFAULT CHARSET=utf8 COMMENT='Almacena tipos de comites asociados a un comite de bio forma' AUTO_INCREMENT=1 ;

-- --------------------------------------------------------

--
-- Estructura de tabla para la tabla `ciudad`
--

CREATE TABLE IF NOT EXISTS `ciudad` (
  `id` varchar(255) DEFAULT NULL,
  `cod_municipio` varchar(255) DEFAULT NULL,
  `abrev_municipio` varchar(255) DEFAULT NULL,
  `abrev_ciudad` varchar(255) DEFAULT NULL,
  `ciudad` varchar(255) DEFAULT NULL,
  `descripcion` varchar(255) DEFAULT NULL
) ENGINE=MyISAM DEFAULT CHARSET=latin1;

--
-- Volcado de datos para la tabla `ciudad`
--

INSERT INTO `ciudad` (`id`, `cod_municipio`, `abrev_municipio`, `abrev_ciudad`, `ciudad`, `descripcion`) VALUES
('1', '1', '', '', 'Altagracia', ''),
('2', '1', '', '', 'Antímano', ''),
('3', '1', '', '', 'Candelaria', ''),
('4', '1', '', '', 'Caricuao', ''),
('5', '1', '', '', 'Catedral', ''),
('6', '1', '', '', 'Coche', ''),
('7', '1', '', '', 'El Junquito', ''),
('8', '1', '', '', 'EL Paraíso', ''),
('9', '1', '', '', 'El Recreo', ''),
('10', '1', '', '', 'El Valle', ''),
('11', '1', '', '', 'La Pastora', ''),
('12', '1', '', '', 'La Vega', ''),
('13', '1', '', '', 'Macarao', ''),
('14', '1', '', '', 'San Agustín', ''),
('15', '1', '', '', 'San Bernardino', ''),
('16', '1', '', '', 'San José', ''),
('17', '1', '', '', 'San Juan', ''),
('18', '1', '', '', 'San Pedro', ''),
('19', '1', '', '', 'Santa Rosalía', ''),
('20', '1', '', '', 'Santa Teresa', ''),
('21', '1', '', '', 'Sucre', ''),
('22', '1', '', '', '23 de Enero', ''),
('23', '2', '', '', 'Capital Alto Orinoco', ''),
('24', '2', '', '', 'Huachamacare', ''),
('25', '2', '', '', 'Marawaka', ''),
('26', '2', '', '', 'Mavaca', ''),
('27', '2', '', '', 'Sierra Parima', ''),
('28', '3', '', '', 'Ucata', ''),
('29', '3', '', '', 'Yapacana', ''),
('30', '3', '', '', 'Caname', ''),
('31', '4', '', '', 'Fernando Girón Tovar', ''),
('32', '4', '', '', 'Luis Alberto Gómez', ''),
('33', '4', '', '', 'Parhueña', ''),
('34', '4', '', '', 'Platanillal', ''),
('35', '5', '', '', 'Samariapo', ''),
('36', '5', '', '', 'Sipapo', ''),
('37', '5', '', '', 'Munduapo', ''),
('38', '5', '', '', 'Guayapo', ''),
('39', '6', '', '', 'Victorino', ''),
('40', '6', '', '', 'Comunidad', ''),
('41', '7', '', '', 'Alto Ventuari', ''),
('42', '7', '', '', 'Medio Ventuari', ''),
('43', '7', '', '', 'Bajo Ventuari', ''),
('44', '8', '', '', 'Capital Río Negro', ''),
('45', '8', '', '', 'Solano', ''),
('46', '8', '', '', 'Casiquiare', ''),
('47', '8', '', '', 'Cocuy', ''),
('48', '9', '', '', 'Capital Anaco', ''),
('49', '9', '', '', 'San Joaquín', ''),
('50', '10', '', '', 'Capital Aragua', ''),
('51', '10', '', '', 'Cachipo', ''),
('52', '11', '', '', 'Capital Fernando de Peñalver', ''),
('53', '11', '', '', 'San Miguel', ''),
('54', '11', '', '', 'Sucre', ''),
('55', '12', '', '', 'Valle de Guanape', ''),
('56', '12', '', '', 'Santa Bárbara', ''),
('57', '13', '', '', 'Capital Francisco de Miranda', ''),
('58', '13', '', '', 'Atapirire', ''),
('59', '13', '', '', 'Boca del Pao', ''),
('60', '13', '', '', 'El Pao', ''),
('61', '13', '', '', 'Múcura', ''),
('62', '14', '', '', 'Guanta', ''),
('63', '14', '', '', 'Chorrerón', ''),
('64', '15', '', '', 'Capital Independencia', ''),
('65', '15', '', '', 'Mamo', ''),
('66', '16', '', '', 'Capital Puerto La Cruz', ''),
('67', '16', '', '', 'Pozuelos', ''),
('68', '17', '', '', 'Capital Onoto', ''),
('69', '17', '', '', 'San Pablo', ''),
('70', '18', '', '', 'Capital José Gregorio Monagas', ''),
('71', '18', '', '', 'Piar', ''),
('72', '18', '', '', 'San Diego de Cabrutica', ''),
('73', '18', '', '', 'Santa Clara', ''),
('74', '18', '', '', 'Uverito', ''),
('75', '18', '', '', 'Zuata', ''),
('76', '19', '', '', 'Capital Libertad', ''),
('77', '19', '', '', 'El Carito', ''),
('78', '19', '', '', 'Santa Inés', ''),
('79', '20', '', '', 'Capital Clarines', ''),
('80', '20', '', '', 'Guanape', ''),
('81', '20', '', '', 'Sabana de Uchire', ''),
('82', '21', '', '', 'Capital Pedro María Freites', ''),
('83', '21', '', '', 'Libertador', ''),
('84', '21', '', '', 'Santa Rosa', ''),
('85', '21', '', '', 'Urica', ''),
('86', '22', '', '', 'Capital Píritu', ''),
('87', '22', '', '', 'San Francisco', ''),
('88', '23', '', '', 'Capital San José de Guanipa', ''),
('89', '24', '', '', 'Capital Boca de Uchire', ''),
('90', '24', '', '', 'Boca de Chávez', ''),
('91', '25', '', '', 'Capital Santa Ana', ''),
('92', '25', '', '', 'Pueblo Nuevo', ''),
('93', '26', '', '', 'El Carmen', ''),
('94', '26', '', '', 'San Cristóbal', ''),
('95', '26', '', '', 'Bergantín', ''),
('96', '26', '', '', 'Caigua', ''),
('97', '26', '', '', 'El Pilar', ''),
('98', '26', '', '', 'Naricual', ''),
('99', '27', '', '', 'Edmundo Barrios', ''),
('100', '27', '', '', 'Miguel Otero Silva', ''),
('101', '28', '', '', 'El Chaparro', ''),
('102', '28', '', '', 'Tomás Alfaro Calatrava', ''),
('103', '29', '', '', 'Lecherías', ''),
('104', '29', '', '', 'El Morro', ''),
('105', '30', '', '', 'Urbana Achaguas', ''),
('106', '30', '', '', 'Apurito', ''),
('107', '30', '', '', 'El Yagual', ''),
('108', '30', '', '', 'Guachara', ''),
('109', '30', '', '', 'Mucuritas', ''),
('110', '30', '', '', 'Queseras del Medio', ''),
('111', '31', '', '', 'Urbana Biruaca', ''),
('112', '32', '', '', 'Urbana Bruzual', ''),
('113', '32', '', '', 'Mantecal', ''),
('114', '32', '', '', 'Quintero', ''),
('115', '32', '', '', 'Rincón Hondo', ''),
('116', '32', '', '', 'San Vicente', ''),
('117', '33', '', '', 'Urbana Guasdualito', ''),
('118', '33', '', '', 'Aramendi', ''),
('119', '33', '', '', 'El Amparo', ''),
('120', '33', '', '', 'San Camilo', ''),
('121', '33', '', '', 'Urdaneta', ''),
('122', '34', '', '', 'Urbana San Juan de Payara', ''),
('123', '34', '', '', 'Codazzi', ''),
('124', '34', '', '', 'Cunaviche', ''),
('125', '35', '', '', 'Urbana Elorza', ''),
('126', '35', '', '', 'La Trinidad', ''),
('127', '36', '', '', 'Urbana San Fernando', ''),
('128', '36', '', '', 'El Recreo', ''),
('129', '36', '', '', 'Peñalver', ''),
('130', '36', '', '', 'San Rafael de Atamaica', ''),
('131', '37', '', '', 'Capital Bolívar', ''),
('132', '38', '', '', 'Capital Camatagua', ''),
('133', '38', '', '', 'No Urbana Carmen de Cura', ''),
('134', '39', '', '', 'No Urbana Choroní', ''),
('135', '39', '', '', 'Urbana Las Delicias', ''),
('136', '39', '', '', 'Urbana Madre María de San José', ''),
('137', '39', '', '', 'Urbana Joaquín Crespo', ''),
('138', '39', '', '', 'Urbana Pedro José Ovalles', ''),
('139', '39', '', '', 'Urbana José Casanova Godoy', ''),
('140', '39', '', '', 'Urbana Andrés Eloy Blanco', ''),
('141', '39', '', '', 'Urbana Los Tacariguas', ''),
('142', '40', '', '', 'Capital José Angel Lamas', ''),
('143', '41', '', '', 'Capital José Félix Ribas', ''),
('144', '41', '', '', 'Castor Nieves Ríos', ''),
('145', '41', '', '', 'No Urbana Las Guacamayas', ''),
('146', '41', '', '', 'No Urbana Pao de Zárate', ''),
('147', '41', '', '', 'No Urbana Zuata', ''),
('148', '42', '', '', 'Capital José Rafael Revenga', ''),
('149', '43', '', '', 'Capital Libertador', ''),
('150', '43', '', '', 'No Urbana San Martín de Porres', ''),
('151', '44', '', '', 'Capital Mario Briceño Iragorry', ''),
('152', '44', '', '', 'Caña de Azúcar', ''),
('153', '45', '', '', 'Capital San Casimiro', ''),
('154', '45', '', '', 'No Urbana Güiripa', ''),
('155', '45', '', '', 'No Urbana Ollas de Caramacate', ''),
('156', '45', '', '', 'No Urbana Valle Morín', ''),
('157', '46', '', '', 'Capital San Sebastián', ''),
('158', '47', '', '', 'Capital Santiago Mariño', ''),
('159', '47', '', '', 'No Urbana Arévalo Aponte', ''),
('160', '47', '', '', 'No Urbana Chuao', ''),
('161', '47', '', '', 'No Urbana Samán de Güere', ''),
('162', '47', '', '', 'No Urbana Alfredo Pacheco Miranda', ''),
('163', '48', '', '', 'Capital Santos Michelena', ''),
('164', '48', '', '', 'No Urbana Tiara', ''),
('165', '49', '', '', 'Capital Sucre', ''),
('166', '49', '', '', 'No Urbana Bella Vista', ''),
('167', '50', '', '', 'Capital Tovar', ''),
('168', '51', '', '', 'Capital Urdaneta', ''),
('169', '51', '', '', 'No Urbana Las Peñitas', ''),
('170', '51', '', '', 'No Urbana San Francisco de Cara', ''),
('171', '51', '', '', 'No Urbana Taguay', ''),
('172', '52', '', '', 'Capital Zamora', ''),
('173', '52', '', '', 'No Urbana Magdaleno', ''),
('174', '52', '', '', 'No Urbana San Francisco de Asís', ''),
('175', '52', '', '', 'No Urbana Valles de Tucutunemo', ''),
('176', '52', '', '', 'No Urbana Augusto Mijares', ''),
('177', '53', '', '', 'Capital Francisco Linares Alcántara', ''),
('178', '53', '', '', 'No Urbana Francisco de Miranda', ''),
('179', '53', '', '', 'No Urbana Monseñor Feliciano González', ''),
('180', '54', '', '', 'Capital Ocumare de La Costa de Oro', ''),
('181', '55', '', '', 'Sabaneta', ''),
('182', '55', '', '', 'Rodríguez Domínguez', ''),
('183', '56', '', '', 'Ticoporo', ''),
('184', '56', '', '', 'Andrés Bello', ''),
('185', '56', '', '', 'Nicolás Pulido', ''),
('186', '57', '', '', 'Arismendi', ''),
('187', '57', '', '', 'Guadarrama', ''),
('188', '57', '', '', 'La Unión', ''),
('189', '57', '', '', 'San Antonio', ''),
('190', '58', '', '', 'Barinas', ''),
('191', '58', '', '', 'Alfredo Arvelo Larriva', ''),
('192', '58', '', '', 'San Silvestre', ''),
('193', '58', '', '', 'Santa Inés', ''),
('194', '58', '', '', 'Santa Lucía', ''),
('195', '58', '', '', 'Torunos', ''),
('196', '58', '', '', 'El Carmen', ''),
('197', '58', '', '', 'Rómulo Betancourt', ''),
('198', '58', '', '', 'Corazón de Jesús', ''),
('199', '58', '', '', 'Ramón Ignacio Méndez', ''),
('200', '58', '', '', 'Alto Barinas', ''),
('201', '58', '', '', 'Manuel Palacio Fajardo', ''),
('202', '58', '', '', 'Juan Antonio Rodríguez Domínguez', ''),
('203', '58', '', '', 'Dominga Ortiz de Páez', ''),
('204', '59', '', '', 'Barinitas', ''),
('205', '59', '', '', 'Altamira', ''),
('206', '59', '', '', 'Calderas', ''),
('207', '60', '', '', 'Barrancas', ''),
('208', '60', '', '', 'El Socorro', ''),
('209', '60', '', '', 'Masparrito', ''),
('210', '61', '', '', 'Santa Bárbara', ''),
('211', '61', '', '', 'José Ignacio del Pumar', ''),
('212', '61', '', '', 'Pedro Briceño Méndez', ''),
('213', '61', '', '', 'Ramón Ignacio Méndez', ''),
('214', '62', '', '', 'Obispos', ''),
('215', '62', '', '', 'El Real', ''),
('216', '62', '', '', 'La Luz', ''),
('217', '62', '', '', 'Los Guasimitos', ''),
('218', '63', '', '', 'Ciudad Bolivia', ''),
('219', '63', '', '', 'Ignacio Briceño', ''),
('220', '63', '', '', 'José Félix Ribas', ''),
('221', '63', '', '', 'Páez', ''),
('222', '64', '', '', 'Libertad', ''),
('223', '64', '', '', 'Dolores', ''),
('224', '64', '', '', 'Palacios Fajardo', ''),
('225', '64', '', '', 'Santa Rosa', ''),
('226', '65', '', '', 'Ciudad de Nutrias', ''),
('227', '65', '', '', 'El Regalo', ''),
('228', '65', '', '', 'Puerto de Nutrias', ''),
('229', '65', '', '', 'Santa Catalina', ''),
('230', '66', '', '', 'El Cantón', ''),
('231', '66', '', '', 'Santa Cruz de Guacas', ''),
('232', '66', '', '', 'Puerto Vivas', ''),
('233', '67', '', '', 'Cachamay', ''),
('234', '67', '', '', 'Chirica', ''),
('235', '67', '', '', 'Dalla Costa', ''),
('236', '67', '', '', 'Once de Abril', ''),
('237', '67', '', '', 'Simón Bolívar', ''),
('238', '67', '', '', 'Unare', ''),
('239', '67', '', '', 'Universidad', ''),
('240', '67', '', '', 'Vista al Sol', ''),
('241', '67', '', '', 'Pozo Verde', ''),
('242', '67', '', '', 'Yocoima', ''),
('243', '68', '', '', 'Sección Capital Cedeño', ''),
('244', '68', '', '', 'Altagracia', ''),
('245', '68', '', '', 'Ascensión Farreras', ''),
('246', '68', '', '', 'Guaniamo', ''),
('247', '68', '', '', 'La Urbana', ''),
('248', '68', '', '', 'Pijiguaos', ''),
('249', '69', '', '', 'Capital El Callao', ''),
('250', '70', '', '', 'Sección Capital Gran Sabana', ''),
('251', '70', '', '', 'Ikabarú', ''),
('252', '71', '', '', 'Agua Salada', ''),
('253', '71', '', '', 'Catedral', ''),
('254', '71', '', '', 'José Antonio Páez', ''),
('255', '71', '', '', 'La Sabanita', ''),
('256', '71', '', '', 'Marhuanta', ''),
('257', '71', '', '', 'Vista Hermosa', ''),
('258', '71', '', '', 'Orinoco', ''),
('259', '71', '', '', 'Panapana', ''),
('260', '71', '', '', 'Zea', ''),
('261', '72', '', '', 'Sección Capital Piar', ''),
('262', '72', '', '', 'Andrés Eloy Blanco', ''),
('263', '72', '', '', 'Pedro Cova', ''),
('264', '73', '', '', 'Sección Capital Raúl Leoni', ''),
('265', '73', '', '', 'Barceloneta', ''),
('266', '73', '', '', 'San Francisco', ''),
('267', '73', '', '', 'Santa Bárbara', ''),
('268', '74', '', '', 'Sección Capital Roscio', ''),
('269', '74', '', '', 'Salom', ''),
('270', '75', '', '', 'Sección Capital Sifontes', ''),
('271', '75', '', '', 'Dalla Costa', ''),
('272', '75', '', '', 'San Isidro', ''),
('273', '76', '', '', 'Sección Capital Sucre', ''),
('274', '76', '', '', 'Aripao', ''),
('275', '76', '', '', 'Guarataro', ''),
('276', '76', '', '', 'Las Majadas', ''),
('277', '76', '', '', 'Moitaco', ''),
('278', '77', '', '', 'Capital Padre Pedro Chien', ''),
('279', '78', '', '', 'Urbana Bejuma', ''),
('280', '78', '', '', 'No Urbana Canoabo', ''),
('281', '78', '', '', 'No Urbana Simón Bolívar', ''),
('282', '79', '', '', 'Urbana Güigüe', ''),
('283', '79', '', '', 'No Urbana Belén', ''),
('284', '79', '', '', 'No Urbana Tacarigua', ''),
('285', '80', '', '', 'Urbana Aguas Calientes', ''),
('286', '80', '', '', 'Urbana Mariara', ''),
('287', '81', '', '', 'Urbana Ciudad Alianza', ''),
('288', '81', '', '', 'Urbana Guacara', ''),
('289', '81', '', '', 'No Urbana Yagua', ''),
('290', '82', '', '', 'Urbana Morón', ''),
('291', '82', '', '', 'No Urbana Urama', ''),
('292', '83', '', '', 'Urbana Tocuyito', ''),
('293', '83', '', '', 'Urbana Independencia', ''),
('294', '84', '', '', 'Urbana Los Guayos', ''),
('295', '85', '', '', 'Urbana Miranda', ''),
('296', '86', '', '', 'Urbana Montalbán', ''),
('297', '87', '', '', 'Urbana Naguanagua', ''),
('298', '88', '', '', 'Urbana Bartolomé Salom', ''),
('299', '88', '', '', 'Urbana Democracia', ''),
('300', '88', '', '', 'Urbana Fraternidad', ''),
('301', '88', '', '', 'Urbana Goaigoaza', ''),
('302', '88', '', '', 'Urbana Juan José Flores', ''),
('303', '88', '', '', 'Urbana Unión', ''),
('304', '88', '', '', 'No Urbana Borburata', ''),
('305', '88', '', '', 'No Urbana Patanemo', ''),
('306', '89', '', '', 'Urbana San Diego', ''),
('307', '90', '', '', 'Urbana San Joaquín', ''),
('308', '91', '', '', 'Urbana Candelaria', ''),
('309', '91', '', '', 'Urbana Catedral', ''),
('310', '91', '', '', 'Urbana El Socorro', ''),
('311', '91', '', '', 'Urbana Miguel Peña', ''),
('312', '91', '', '', 'Urbana Rafael Urdaneta', ''),
('313', '91', '', '', 'Urbana San Blas', ''),
('314', '91', '', '', 'Urbana San José', ''),
('315', '91', '', '', 'Urbana Santa Rosa', ''),
('316', '91', '', '', 'No Urbana Negro Primero', ''),
('317', '92', '', '', 'Cojedes', ''),
('318', '92', '', '', 'Juan de Mata Suárez', ''),
('319', '93', '', '', 'Tinaquillo', ''),
('320', '94', '', '', 'El Baúl', ''),
('321', '94', '', '', 'Sucre', ''),
('322', '95', '', '', 'Macapo', ''),
('323', '95', '', '', 'La Aguadita', ''),
('324', '96', '', '', 'El Pao', ''),
('325', '97', '', '', 'Libertad de Cojedes', ''),
('326', '97', '', '', 'El Amparo', ''),
('327', '98', '', '', 'Rómulo Gallegos', ''),
('328', '99', '', '', 'San Carlos de Austria', ''),
('329', '99', '', '', 'Juan Angel Bravo', ''),
('330', '99', '', '', 'Manuel Manrique', ''),
('331', '100', '', '', 'General en Jefe José Laurencio Silva', ''),
('332', '101', '', '', 'Curiapo', ''),
('333', '101', '', '', 'Almirante Luis Brión', ''),
('334', '101', '', '', 'Francisco Aniceto Lugo', ''),
('335', '101', '', '', 'Manuel Renaud', ''),
('336', '101', '', '', 'Padre Barral', ''),
('337', '101', '', '', 'Santos de Abelgas', ''),
('338', '102', '', '', 'Imataca', ''),
('339', '102', '', '', 'Cinco de Julio', ''),
('340', '102', '', '', 'Juan Bautista Arismendi', ''),
('341', '102', '', '', 'Manuel Piar', ''),
('342', '102', '', '', 'Rómulo Gallegos', ''),
('343', '103', '', '', 'Pedernales', ''),
('344', '103', '', '', 'Luis Beltrán Prieto Figueroa', ''),
('345', '104', '', '', 'San José', ''),
('346', '104', '', '', 'José Vidal Marcano', ''),
('347', '104', '', '', 'Juan Millán', ''),
('348', '104', '', '', 'Leonardo Ruíz Pineda', ''),
('349', '104', '', '', 'Mariscal Antonio José de Sucre', ''),
('350', '104', '', '', 'Monseñor Argimiro García', ''),
('351', '104', '', '', 'San Rafael', ''),
('352', '104', '', '', 'Virgen del Valle', ''),
('353', '105', '', '', 'San Juan de los Cayos', ''),
('354', '105', '', '', 'Capadare', ''),
('355', '105', '', '', 'La Pastora', ''),
('356', '105', '', '', 'Libertador', ''),
('357', '106', '', '', 'San Luis', ''),
('358', '106', '', '', 'Aracua', ''),
('359', '106', '', '', 'La Peña', ''),
('360', '107', '', '', 'Capatárida', ''),
('361', '107', '', '', 'Bariro', ''),
('362', '107', '', '', 'Borojó', ''),
('363', '107', '', '', 'Guajiro', ''),
('364', '107', '', '', 'Seque', ''),
('365', '107', '', '', 'Zazárida', ''),
('366', '108', '', '', 'Capital Cacique Manaure', ''),
('367', '109', '', '', 'Carirubana', ''),
('368', '109', '', '', 'Norte', ''),
('369', '109', '', '', 'Punta Cardón', ''),
('370', '109', '', '', 'Santa Ana', ''),
('371', '110', '', '', 'La Vela de Coro', ''),
('372', '110', '', '', 'Acurigua', ''),
('373', '110', '', '', 'Guaibacoa', ''),
('374', '110', '', '', 'Las Calderas', ''),
('375', '110', '', '', 'Macoruca', ''),
('376', '111', '', '', 'Capital Dabajuro', ''),
('377', '112', '', '', 'Pedregal', ''),
('378', '112', '', '', 'Agua Clara', ''),
('379', '112', '', '', 'Avaria', ''),
('380', '112', '', '', 'Piedra Grande', ''),
('381', '112', '', '', 'Purureche', ''),
('382', '113', '', '', 'Pueblo Nuevo', ''),
('383', '113', '', '', 'Adícora', ''),
('384', '113', '', '', 'Baraived', ''),
('385', '113', '', '', 'Buena Vista', ''),
('386', '113', '', '', 'Jadacaquiva', ''),
('387', '113', '', '', 'Moruy', ''),
('388', '113', '', '', 'Adaure', ''),
('389', '113', '', '', 'El Hato', ''),
('390', '113', '', '', 'El Vínculo', ''),
('391', '114', '', '', 'Churuguara', ''),
('392', '114', '', '', 'Agua Larga', ''),
('393', '114', '', '', 'El Paují', ''),
('394', '114', '', '', 'Independencia', ''),
('395', '114', '', '', 'Mapararí', ''),
('396', '115', '', '', 'Jacura', ''),
('397', '115', '', '', 'Agua Linda', ''),
('398', '115', '', '', 'Araurima', ''),
('399', '116', '', '', 'Los Taques', ''),
('400', '116', '', '', 'Judibana', ''),
('401', '117', '', '', 'Mene de Mauroa', ''),
('402', '117', '', '', 'Casigua', ''),
('403', '117', '', '', 'San Félix', ''),
('404', '118', '', '', 'San Antonio', ''),
('405', '118', '', '', 'San Gabriel', ''),
('406', '118', '', '', 'Santa Ana', ''),
('407', '118', '', '', 'Guzmán Guillermo', ''),
('408', '118', '', '', 'Mitare', ''),
('409', '118', '', '', 'Río Seco', ''),
('410', '118', '', '', 'Sabaneta', ''),
('411', '119', '', '', 'Chichiriviche', ''),
('412', '119', '', '', 'Boca de Tocuyo', ''),
('413', '119', '', '', 'Tocuyo de la Costa', ''),
('414', '120', '', '', 'Capital Palmasola', ''),
('415', '121', '', '', 'Cabure', ''),
('416', '121', '', '', 'Colina', ''),
('417', '121', '', '', 'Curimagua', ''),
('418', '122', '', '', 'Píritu', ''),
('419', '122', '', '', 'San José de la Costa', ''),
('420', '123', '', '', 'Capital San Francisco', ''),
('421', '124', '', '', 'Tucacas', ''),
('422', '124', '', '', 'Boca de Aroa', ''),
('423', '125', '', '', 'Sucre', ''),
('424', '125', '', '', 'Pecaya', ''),
('425', '126', '', '', 'Capital Tocópero', ''),
('426', '127', '', '', 'Santa Cruz de Bucaral', ''),
('427', '127', '', '', 'El Charal', ''),
('428', '127', '', '', 'Las Vegas del Tuy', ''),
('429', '128', '', '', 'Urumaco', ''),
('430', '128', '', '', 'Bruzual', ''),
('431', '129', '', '', 'Puerto Cumarebo', ''),
('432', '129', '', '', 'La Ciénaga', ''),
('433', '129', '', '', 'La Soledad', ''),
('434', '129', '', '', 'Pueblo Cumarebo', ''),
('435', '129', '', '', 'Zazárida', ''),
('436', '130', '', '', 'Capital Camaguán', ''),
('437', '130', '', '', 'Puerto Miranda', ''),
('438', '130', '', '', 'Uverito', ''),
('439', '131', '', '', 'Chaguaramas', ''),
('440', '132', '', '', 'El Socorro', ''),
('441', '133', '', '', 'Capital San Gerónimo de Guayabal', ''),
('442', '133', '', '', 'Cazorla', ''),
('443', '134', '', '', 'Capital Valle de La Pascua', ''),
('444', '134', '', '', 'Espino', ''),
('445', '135', '', '', 'Capital Las Mercedes', ''),
('446', '135', '', '', 'Cabruta', ''),
('447', '135', '', '', 'Santa Rita de Manapire', ''),
('448', '136', '', '', 'Capital El Sombrero', ''),
('449', '136', '', '', 'Sosa', ''),
('450', '137', '', '', 'Capital Calabozo', ''),
('451', '137', '', '', 'El Calvario', ''),
('452', '137', '', '', 'El Rastro', ''),
('453', '137', '', '', 'Guardatinajas', ''),
('454', '138', '', '', 'Capital Altagracia de Orituco', ''),
('455', '138', '', '', 'Lezama', ''),
('456', '138', '', '', 'Libertad de Orituco', ''),
('457', '138', '', '', 'Paso Real de Macaira', ''),
('458', '138', '', '', 'San Francisco de Macaira', ''),
('459', '138', '', '', 'San Rafael de Orituco', ''),
('460', '138', '', '', 'Soublette', ''),
('461', '139', '', '', 'Capital Ortiz', ''),
('462', '139', '', '', 'San Francisco de Tiznados', ''),
('463', '139', '', '', 'San José de Tiznados', ''),
('464', '139', '', '', 'San Lorenzo de Tiznados', ''),
('465', '140', '', '', 'Capital Tucupido', ''),
('466', '140', '', '', 'San Rafael de Laya', ''),
('467', '141', '', '', 'Capital San Juan de Los Morros', ''),
('468', '141', '', '', 'Cantagallo', ''),
('469', '141', '', '', 'Parapara', ''),
('470', '142', '', '', 'San José de Guaribe', ''),
('471', '143', '', '', 'Capital Santa María de Ipire', ''),
('472', '143', '', '', 'Altamira', ''),
('473', '144', '', '', 'Capital Zaraza', ''),
('474', '144', '', '', 'San José de Unare', ''),
('475', '145', '', '', 'Pío Tamayo', ''),
('476', '145', '', '', 'Quebrada Honda de Guache', ''),
('477', '145', '', '', 'Yacambú', ''),
('478', '146', '', '', 'Fréitez', ''),
('479', '146', '', '', 'José María Blanco', ''),
('480', '147', '', '', 'Catedral', ''),
('481', '147', '', '', 'Concepción', ''),
('482', '147', '', '', 'El Cují', ''),
('483', '147', '', '', 'Juan de Villegas', ''),
('484', '147', '', '', 'Santa Rosa', ''),
('485', '147', '', '', 'Tamaca', ''),
('486', '147', '', '', 'Unión', ''),
('487', '147', '', '', 'Aguedo Felipe Alvarado', ''),
('488', '147', '', '', 'Buena Vista', ''),
('489', '147', '', '', 'Juárez', ''),
('490', '148', '', '', 'Juan Bautista Rodríguez', ''),
('491', '148', '', '', 'Cuara', ''),
('492', '148', '', '', 'Diego de Lozada', ''),
('493', '148', '', '', 'Paraíso de San José', ''),
('494', '148', '', '', 'San Miguel', ''),
('495', '148', '', '', 'Tintorero', ''),
('496', '148', '', '', 'José Bernardo Dorante', ''),
('497', '148', '', '', 'Coronel Mariano Peraza', ''),
('498', '149', '', '', 'Bolívar', ''),
('499', '149', '', '', 'Anzoátegui', ''),
('500', '149', '', '', 'Guarico', ''),
('501', '149', '', '', 'Hilario Luna y Luna', ''),
('502', '149', '', '', 'Humocaro Alto', ''),
('503', '149', '', '', 'Humocaro Bajo', ''),
('504', '149', '', '', 'La Candelaria', ''),
('505', '149', '', '', 'Morán', ''),
('506', '150', '', '', 'Cabudare', ''),
('507', '150', '', '', 'José Gregorio Bastidas', ''),
('508', '150', '', '', 'Agua Viva', ''),
('509', '151', '', '', 'Sarare', ''),
('510', '151', '', '', 'Buría', ''),
('511', '151', '', '', 'Gustavo Vegas León', ''),
('512', '152', '', '', 'Trinidad Samuel', ''),
('513', '152', '', '', 'Antonio Díaz', ''),
('514', '152', '', '', 'Camacaro', ''),
('515', '152', '', '', 'Castañeda', ''),
('516', '152', '', '', 'Cecilio Zubillaga', ''),
('517', '152', '', '', 'Chiquinquirá', ''),
('518', '152', '', '', 'El Blanco', ''),
('519', '152', '', '', 'Espinoza de los Monteros', ''),
('520', '152', '', '', 'Lara', ''),
('521', '152', '', '', 'Las Mercedes', ''),
('522', '152', '', '', 'Manuel Morillo', ''),
('523', '152', '', '', 'Montaña Verde', ''),
('524', '152', '', '', 'Montes de Oca', ''),
('525', '152', '', '', 'Torres', ''),
('526', '152', '', '', 'Heriberto Arroyo', ''),
('527', '152', '', '', 'Reyes Vargas', ''),
('528', '152', '', '', 'Altagracia', ''),
('529', '153', '', '', 'Siquisique', ''),
('530', '153', '', '', 'Moroturo', ''),
('531', '153', '', '', 'San Miguel', ''),
('532', '153', '', '', 'Xaguas', ''),
('533', '154', '', '', 'Presidente Betancourt', ''),
('534', '154', '', '', 'Presidente Páez', ''),
('535', '154', '', '', 'Presidente Rómulo Gallegos', ''),
('536', '154', '', '', 'Gabriel Picón González', ''),
('537', '154', '', '', 'Héctor Amable Mora', ''),
('538', '154', '', '', 'José Nucete Sardi', ''),
('539', '154', '', '', 'Pulido Méndez', ''),
('540', '155', '', '', 'Capital Andrés Bello', ''),
('541', '156', '', '', 'Capital Antonio Pinto Salinas', ''),
('542', '156', '', '', 'Mesa Bolívar', ''),
('543', '156', '', '', 'Mesa de Las Palmas', ''),
('544', '157', '', '', 'Capital Aricagua', ''),
('545', '157', '', '', 'San Antonio', ''),
('546', '158', '', '', 'Capital Arzobispo Chacón', ''),
('547', '158', '', '', 'Capurí', ''),
('548', '158', '', '', 'Chacantá', ''),
('549', '158', '', '', 'El Molino', ''),
('550', '158', '', '', 'Guaimaral', ''),
('551', '158', '', '', 'Mucutuy', ''),
('552', '158', '', '', 'Mucuchachí', ''),
('553', '159', '', '', 'Fernández Peña', ''),
('554', '159', '', '', 'Matriz', ''),
('555', '159', '', '', 'Montalbán', ''),
('556', '159', '', '', 'Acequias', ''),
('557', '159', '', '', 'Jají', ''),
('558', '159', '', '', 'La Mesa', ''),
('559', '159', '', '', 'San José del Sur', ''),
('560', '160', '', '', 'Capital Caracciolo Parra Olmedo', ''),
('561', '160', '', '', 'Florencio Ramírez', ''),
('562', '161', '', '', 'Capital Cardenal Quintero', ''),
('563', '161', '', '', 'Las Piedras', ''),
('564', '162', '', '', 'Capital Guaraque', ''),
('565', '162', '', '', 'Mesa de Quintero', ''),
('566', '162', '', '', 'Río Negro', ''),
('567', '163', '', '', 'Capital Julio César Salas', ''),
('568', '163', '', '', 'Palmira', ''),
('569', '164', '', '', 'Capital Justo Briceño', ''),
('570', '164', '', '', 'San Cristóbal de Torondoy', ''),
('571', '165', '', '', 'Antonio Spinetti Dini', ''),
('572', '165', '', '', 'Arias', ''),
('573', '165', '', '', 'Caracciolo Parra Pérez', ''),
('574', '165', '', '', 'Domingo Peña', ''),
('575', '165', '', '', 'El Llano', ''),
('576', '165', '', '', 'Gonzalo Picón Febres', ''),
('577', '165', '', '', 'Jacinto Plaza', ''),
('578', '165', '', '', 'Juan Rodríguez Suárez', ''),
('579', '165', '', '', 'Lasso de la Vega', ''),
('580', '165', '', '', 'Mariano Picón Salas', ''),
('581', '165', '', '', 'Milla', ''),
('582', '165', '', '', 'Osuna Rodríguez', ''),
('583', '165', '', '', 'Sagrario', ''),
('584', '165', '', '', 'El Morro', ''),
('585', '165', '', '', 'Los Nevados', ''),
('586', '166', '', '', 'Capital Miranda', ''),
('587', '166', '', '', 'Andrés Eloy Blanco', ''),
('588', '166', '', '', 'La Venta', ''),
('589', '166', '', '', 'Piñango', ''),
('590', '167', '', '', 'Capital Obispo Ramos de Lora', ''),
('591', '167', '', '', 'Eloy Paredes', ''),
('592', '167', '', '', 'San Rafael de Alcázar', ''),
('593', '168', '', '', 'Capital Padre Noguera', ''),
('594', '169', '', '', 'Capital Pueblo Llano', ''),
('595', '170', '', '', 'Capital Rangel', ''),
('596', '170', '', '', 'Cacute', ''),
('597', '170', '', '', 'La Toma', ''),
('598', '170', '', '', 'Mucurubá', ''),
('599', '170', '', '', 'San Rafael', ''),
('600', '171', '', '', 'Capital Rivas Dávila', ''),
('601', '171', '', '', 'Gerónimo Maldonado', ''),
('602', '172', '', '', 'Capital Santos Marquina', ''),
('603', '173', '', '', 'Capital Sucre', ''),
('604', '173', '', '', 'Chiguará', ''),
('605', '173', '', '', 'Estánquez', ''),
('606', '173', '', '', 'La Trampa', ''),
('607', '173', '', '', 'Pueblo Nuevo del Sur', ''),
('608', '173', '', '', 'San Juan', ''),
('609', '174', '', '', 'El Amparo', ''),
('610', '174', '', '', 'El Llano', ''),
('611', '174', '', '', 'San Francisco', ''),
('612', '174', '', '', 'Tovar', ''),
('613', '175', '', '', 'Capital Tulio Febres Cordero', ''),
('614', '175', '', '', 'Independencia', ''),
('615', '175', '', '', 'María de la Concepción Palacios Blanco', ''),
('616', '175', '', '', 'Santa Apolonia', ''),
('617', '176', '', '', 'Capital Zea', ''),
('618', '176', '', '', 'Caño El Tigre', ''),
('619', '177', '', '', 'Caucagua', ''),
('620', '177', '', '', 'Aragüita', ''),
('621', '177', '', '', 'Arévalo González', ''),
('622', '177', '', '', 'Capaya', ''),
('623', '177', '', '', 'El Café', ''),
('624', '177', '', '', 'Marizapa', ''),
('625', '177', '', '', 'Panaquire', ''),
('626', '177', '', '', 'Ribas', ''),
('627', '178', '', '', 'San José de Barlovento', ''),
('628', '178', '', '', 'Cumbo', ''),
('629', '179', '', '', 'Baruta', ''),
('630', '179', '', '', 'El Cafetal', ''),
('631', '179', '', '', 'Las Minas de Baruta', ''),
('632', '180', '', '', 'Higuerote', ''),
('633', '180', '', '', 'Curiepe', ''),
('634', '180', '', '', 'Tacarigua', ''),
('635', '181', '', '', 'Mamporal', ''),
('636', '182', '', '', 'Carrizal', ''),
('637', '183', '', '', 'Chacao', ''),
('638', '184', '', '', 'Charallave', ''),
('639', '184', '', '', 'Las Brisas', ''),
('640', '185', '', '', 'El Hatillo', ''),
('641', '186', '', '', 'Los Teques', ''),
('642', '186', '', '', 'Altagracia de La Montaña', ''),
('643', '186', '', '', 'Cecilio Acosta', ''),
('644', '186', '', '', 'El Jarillo', ''),
('645', '186', '', '', 'Paracotos', ''),
('646', '186', '', '', 'San Pedro', ''),
('647', '186', '', '', 'Tácata', ''),
('648', '187', '', '', 'Santa Teresa del Tuy', ''),
('649', '187', '', '', 'El Cartanal', ''),
('650', '188', '', '', 'Ocumare del Tuy', ''),
('651', '188', '', '', 'La Democracia', ''),
('652', '188', '', '', 'Santa Bárbara', ''),
('653', '189', '', '', 'San Antonio de Los Altos', ''),
('654', '190', '', '', 'Río Chico', ''),
('655', '190', '', '', 'El Guapo', ''),
('656', '190', '', '', 'Tacarigua de La Laguna', ''),
('657', '190', '', '', 'Paparo', ''),
('658', '190', '', '', 'San Fernando del Guapo', ''),
('659', '191', '', '', 'Santa Lucía', ''),
('660', '192', '', '', 'Cúpira', ''),
('661', '192', '', '', 'Machurucuto', ''),
('662', '193', '', '', 'Guarenas', ''),
('663', '194', '', '', 'San Francisco de Yare', ''),
('664', '194', '', '', 'San Antonio de Yare', ''),
('665', '195', '', '', 'Petare', ''),
('666', '195', '', '', 'Caucagüita', ''),
('667', '195', '', '', 'Fila de Mariches', ''),
('668', '195', '', '', 'La Dolorita', ''),
('669', '195', '', '', 'Leoncio Martínez', ''),
('670', '196', '', '', 'Cúa', ''),
('671', '196', '', '', 'Nueva Cúa', ''),
('672', '197', '', '', 'Guatire', ''),
('673', '197', '', '', 'Bolívar', ''),
('674', '198', '', '', 'Capital Acosta', ''),
('675', '198', '', '', 'San Francisco', ''),
('676', '199', '', '', 'Capital Aguasay', ''),
('677', '200', '', '', 'Capital Bolívar', ''),
('678', '201', '', '', 'Capital Caripe', ''),
('679', '201', '', '', 'El Guácharo', ''),
('680', '201', '', '', 'La Guanota', ''),
('681', '201', '', '', 'Sabana de Piedra', ''),
('682', '201', '', '', 'San Agustín', ''),
('683', '201', '', '', 'Teresén', ''),
('684', '202', '', '', 'Capital Cedeño', ''),
('685', '202', '', '', 'Areo', ''),
('686', '202', '', '', 'San Félix', ''),
('687', '202', '', '', 'Viento Fresco', ''),
('688', '203', '', '', 'Capital Ezequiel Zamora', ''),
('689', '203', '', '', 'El Tejero', ''),
('690', '204', '', '', 'Capital Libertador', ''),
('691', '204', '', '', 'Chaguaramas', ''),
('692', '204', '', '', 'Las Alhuacas', ''),
('693', '204', '', '', 'Tabasca', ''),
('694', '205', '', '', 'Capital Maturín', ''),
('695', '205', '', '', 'Alto de los Godos', ''),
('696', '205', '', '', 'Boquerón', ''),
('697', '205', '', '', 'Las Cocuizas', ''),
('698', '205', '', '', 'San Simón', ''),
('699', '205', '', '', 'Santa Cruz', ''),
('700', '205', '', '', 'El Corozo', ''),
('701', '205', '', '', 'El Furrial', ''),
('702', '205', '', '', 'Jusepín', ''),
('703', '205', '', '', 'La Pica', ''),
('704', '205', '', '', 'San Vicente', ''),
('705', '206', '', '', 'Capital Piar', ''),
('706', '206', '', '', 'Aparicio', ''),
('707', '206', '', '', 'Chaguaramal', ''),
('708', '206', '', '', 'El Pinto', ''),
('709', '206', '', '', 'Guanaguana', ''),
('710', '206', '', '', 'La Toscana', ''),
('711', '206', '', '', 'Taguaya', ''),
('712', '207', '', '', 'Capital Punceres', ''),
('713', '207', '', '', 'Cachipo', ''),
('714', '208', '', '', 'Capital Santa Bárbara', ''),
('715', '209', '', '', 'Capital Sotillo', ''),
('716', '209', '', '', 'Los Barrancos de Fajardo', ''),
('717', '210', '', '', 'Capital Uracoa', ''),
('718', '211', '', '', 'Capital Antolín del Campo', ''),
('719', '212', '', '', 'Capital Arismendi', ''),
('720', '213', '', '', 'Capital Díaz', ''),
('721', '213', '', '', 'Zabala', ''),
('722', '214', '', '', 'Capital García', ''),
('723', '214', '', '', 'Francisco Fajardo', ''),
('724', '215', '', '', 'Capital Gómez', ''),
('725', '215', '', '', 'Bolívar', ''),
('726', '215', '', '', 'Guevara', ''),
('727', '215', '', '', 'Matasiete', ''),
('728', '215', '', '', 'Sucre', ''),
('729', '216', '', '', 'Capital Maneiro', ''),
('730', '216', '', '', 'Aguirre', ''),
('731', '217', '', '', 'Capital Marcano', ''),
('732', '217', '', '', 'Adrián', ''),
('733', '218', '', '', 'Capital Mariño', ''),
('734', '219', '', '', 'Capital Península de Macanao', ''),
('735', '219', '', '', 'San Francisco', ''),
('736', '220', '', '', 'Capital Tubores', ''),
('737', '220', '', '', 'Los Barales', ''),
('738', '221', '', '', 'Capital Villalba', ''),
('739', '221', '', '', 'Vicente Fuentes', ''),
('740', '222', '', '', 'Capital Agua Blanca', ''),
('741', '223', '', '', 'Capital Araure', ''),
('742', '223', '', '', 'Río Acarigua', ''),
('743', '224', '', '', 'Capital Esteller', ''),
('744', '224', '', '', 'Uveral', ''),
('745', '225', '', '', 'Capital Guanare', ''),
('746', '225', '', '', 'Córdoba', ''),
('747', '225', '', '', 'San José de la Montaña', ''),
('748', '225', '', '', 'San Juan de Guanaguanare', ''),
('749', '225', '', '', 'Virgen de la Coromoto', ''),
('750', '226', '', '', 'Capital Guanarito', ''),
('751', '226', '', '', 'Trinidad de la Capilla', ''),
('752', '226', '', '', 'Divina Pastora', ''),
('753', '227', '', '', 'Capital Monseñor José Vicente de Unda', ''),
('754', '227', '', '', 'Peña Blanca', ''),
('755', '228', '', '', 'Capital Ospino', ''),
('756', '228', '', '', 'Aparición', ''),
('757', '228', '', '', 'La Estación', ''),
('758', '229', '', '', 'Capital Páez', ''),
('759', '229', '', '', 'Payara', ''),
('760', '229', '', '', 'Pimpinela', ''),
('761', '229', '', '', 'Ramón Peraza', ''),
('762', '230', '', '', 'Capital Papelón', ''),
('763', '230', '', '', 'Caño Delgadito', ''),
('764', '231', '', '', 'Capital San Genaro de Boconoito', ''),
('765', '231', '', '', 'Antolín Tovar', ''),
('766', '232', '', '', 'Capital San Rafael de Onoto', ''),
('767', '232', '', '', 'Santa Fe', ''),
('768', '232', '', '', 'Thermo Morles', ''),
('769', '233', '', '', 'Capital Santa Rosalía', ''),
('770', '233', '', '', 'Florida', ''),
('771', '234', '', '', 'Capital Sucre', ''),
('772', '234', '', '', 'Concepción', ''),
('773', '234', '', '', 'San Rafael de Palo Alzado', ''),
('774', '234', '', '', 'Uvencio Antonio Velásquez', ''),
('775', '234', '', '', 'San José de Saguaz', ''),
('776', '234', '', '', 'Villa Rosa', ''),
('777', '235', '', '', 'Capital Turén', ''),
('778', '235', '', '', 'Canelones', ''),
('779', '235', '', '', 'Santa Cruz', ''),
('780', '235', '', '', 'San Isidro Labrador', ''),
('781', '236', '', '', 'Mariño', ''),
('782', '236', '', '', 'Rómulo Gallegos', ''),
('783', '237', '', '', 'San José de Aerocuar', ''),
('784', '237', '', '', 'Tavera Acosta', ''),
('785', '238', '', '', 'Río Caribe', ''),
('786', '238', '', '', 'Antonio José de Sucre', ''),
('787', '238', '', '', 'El Morro de Puerto Santo', ''),
('788', '238', '', '', 'Puerto Santo', ''),
('789', '238', '', '', 'San Juan de Las Galdonas', ''),
('790', '239', '', '', 'El Pilar', ''),
('791', '239', '', '', 'El Rincón', ''),
('792', '239', '', '', 'General Francisco Antonio Vásquez', ''),
('793', '239', '', '', 'Guaraúnos', ''),
('794', '239', '', '', 'Tunapuicito', ''),
('795', '239', '', '', 'Unión', ''),
('796', '240', '', '', 'Bolívar', ''),
('797', '240', '', '', 'Macarapana', ''),
('798', '240', '', '', 'Santa Catalina', ''),
('799', '240', '', '', 'Santa Rosa', ''),
('800', '240', '', '', 'Santa Teresa', ''),
('801', '241', '', '', 'Capital Bolívar', ''),
('802', '242', '', '', 'Yaguaraparo', ''),
('803', '242', '', '', 'El Paujil', ''),
('804', '242', '', '', 'Libertad', ''),
('805', '243', '', '', 'Araya', ''),
('806', '243', '', '', 'Chacopata', ''),
('807', '243', '', '', 'Manicuare', ''),
('808', '244', '', '', 'Tunapuy', ''),
('809', '244', '', '', 'Campo Elías', ''),
('810', '245', '', '', 'Irapa', ''),
('811', '245', '', '', 'Campo Claro', ''),
('812', '245', '', '', 'Marabal', ''),
('813', '245', '', '', 'San Antonio de Irapa', ''),
('814', '245', '', '', 'Soro', ''),
('815', '246', '', '', 'Capital Mejía', ''),
('816', '247', '', '', 'Cumanacoa', ''),
('817', '247', '', '', 'Arenas', ''),
('818', '247', '', '', 'Aricagua', ''),
('819', '247', '', '', 'Cocollar', ''),
('820', '247', '', '', 'San Fernando', ''),
('821', '247', '', '', 'San Lorenzo', ''),
('822', '248', '', '', 'Villa Frontado (Muelle de Cariaco)', ''),
('823', '248', '', '', 'Catuaro', ''),
('824', '248', '', '', 'Rendón', ''),
('825', '248', '', '', 'Santa Cruz', ''),
('826', '248', '', '', 'Santa María', ''),
('827', '249', '', '', 'Altagracia', ''),
('828', '249', '', '', 'Ayacucho', ''),
('829', '249', '', '', 'Santa Inés', ''),
('830', '249', '', '', 'Valentín Valiente', ''),
('831', '249', '', '', 'San Juan', ''),
('832', '249', '', '', 'Raúl Leoni', ''),
('833', '249', '', '', 'Santa Fe', ''),
('834', '250', '', '', 'Güiria', ''),
('835', '250', '', '', 'Bideau', ''),
('836', '250', '', '', 'Cristóbal Colón', ''),
('837', '250', '', '', 'Punta de Piedras', ''),
('838', '251', '', '', 'Capital Andrés Bello', ''),
('839', '252', '', '', 'Capital Antonio Rómulo Costa', ''),
('840', '253', '', '', 'Ayacucho', ''),
('841', '253', '', '', 'Rivas Berti', ''),
('842', '253', '', '', 'San Pedro del Río', ''),
('843', '254', '', '', 'Bolívar', ''),
('844', '254', '', '', 'Palotal', ''),
('845', '254', '', '', 'Juan Vicente Gómez', ''),
('846', '254', '', '', 'Isaías Medina Angarita', ''),
('847', '255', '', '', 'Cárdenas', ''),
('848', '255', '', '', 'Amenodoro Rangel Lamús', ''),
('849', '255', '', '', 'La Florida', ''),
('850', '256', '', '', 'Capital Córdoba', ''),
('851', '257', '', '', 'Fernández Feo', ''),
('852', '257', '', '', 'Alberto Adriani', ''),
('853', '257', '', '', 'Santo Domingo', ''),
('854', '258', '', '', 'Capital Francisco de Miranda', ''),
('855', '259', '', '', 'Capital García de Hevia', ''),
('856', '259', '', '', 'Boca de Grita', ''),
('857', '259', '', '', 'José Antonio Páez', ''),
('858', '260', '', '', 'Capital Guásimos', ''),
('859', '261', '', '', 'Independencia', ''),
('860', '261', '', '', 'Juan Germán Roscio', ''),
('861', '261', '', '', 'Román Cárdenas', ''),
('862', '262', '', '', 'Jáuregui', ''),
('863', '262', '', '', 'Emilio Constantino Guerrero', ''),
('864', '262', '', '', 'Monseñor Miguel Antonio Salas', ''),
('865', '263', '', '', 'Capital José María Vargas', ''),
('866', '264', '', '', 'Junín', ''),
('867', '264', '', '', 'La Petrólea', ''),
('868', '264', '', '', 'Quinimarí', ''),
('869', '264', '', '', 'Bramón', ''),
('870', '265', '', '', 'Libertad', ''),
('871', '265', '', '', 'Cipriano Castro', ''),
('872', '265', '', '', 'Manuel Felipe Rugeles', ''),
('873', '266', '', '', 'Libertador', ''),
('874', '266', '', '', 'Emeterio Ochoa', ''),
('875', '266', '', '', 'Doradas', ''),
('876', '266', '', '', 'San Joaquín de Navay', ''),
('877', '267', '', '', 'Lobatera', ''),
('878', '267', '', '', 'Constitución', ''),
('879', '268', '', '', 'Capital Michelena', ''),
('880', '269', '', '', 'Panamericano', ''),
('881', '269', '', '', 'La Palmita', ''),
('882', '270', '', '', 'Pedro María Ureña', ''),
('883', '270', '', '', 'Nueva Arcadia', ''),
('884', '271', '', '', 'Capital Rafael Urdaneta', ''),
('885', '272', '', '', 'Samuel Darío Maldonado', ''),
('886', '272', '', '', 'Boconó', ''),
('887', '272', '', '', 'Hernández', ''),
('888', '273', '', '', 'La Concordia', ''),
('889', '273', '', '', 'Pedro María Morantes', ''),
('890', '273', '', '', 'San Juan Bautista', ''),
('891', '273', '', '', 'San Sebastián', ''),
('892', '273', '', '', 'Dr. Francisco Romero Lobo', ''),
('893', '274', '', '', 'Capital Seboruco', ''),
('894', '275', '', '', 'Capital Simón Rodríguez', ''),
('895', '276', '', '', 'Sucre', ''),
('896', '276', '', '', 'Eleazar López Contreras', ''),
('897', '276', '', '', 'San Pablo', ''),
('898', '277', '', '', 'Capital Torbes', ''),
('899', '278', '', '', 'Capital Uribante', ''),
('900', '278', '', '', 'Cárdenas', ''),
('901', '278', '', '', 'Juan Pablo Peñaloza', ''),
('902', '278', '', '', 'Potosí', ''),
('903', '279', '', '', 'Capital San Judas Tadeo', ''),
('904', '280', '', '', 'Santa Isabel', ''),
('905', '280', '', '', 'Araguaney', ''),
('906', '280', '', '', 'El Jagüito', ''),
('907', '280', '', '', 'La Esperanza', ''),
('908', '281', '', '', 'Boconó', ''),
('909', '281', '', '', 'El Carmen', ''),
('910', '281', '', '', 'Mosquey', ''),
('911', '281', '', '', 'Ayacucho', ''),
('912', '281', '', '', 'Burbusay', ''),
('913', '281', '', '', 'General Rivas', ''),
('914', '281', '', '', 'Guaramacal', ''),
('915', '281', '', '', 'Vega de Guaramacal', ''),
('916', '281', '', '', 'Monseñor Jáuregui', ''),
('917', '281', '', '', 'Rafael Rangel', ''),
('918', '281', '', '', 'San Miguel', ''),
('919', '281', '', '', 'San José', ''),
('920', '282', '', '', 'Sabana Grande', ''),
('921', '282', '', '', 'Cheregüé', ''),
('922', '282', '', '', 'Granados', ''),
('923', '283', '', '', 'Chejendé', ''),
('924', '283', '', '', 'Arnoldo Gabaldón', ''),
('925', '283', '', '', 'Bolivia', ''),
('926', '283', '', '', 'Carrillo', ''),
('927', '283', '', '', 'Cegarra', ''),
('928', '283', '', '', 'Manuel Salvador Ulloa', ''),
('929', '283', '', '', 'San José', ''),
('930', '284', '', '', 'Carache', ''),
('931', '284', '', '', 'Cuicas', ''),
('932', '284', '', '', 'La Concepción', ''),
('933', '284', '', '', 'Panamericana', ''),
('934', '284', '', '', 'Santa Cruz', ''),
('935', '285', '', '', 'Escuque', ''),
('936', '285', '', '', 'La Unión', ''),
('937', '285', '', '', 'Sabana Libre', ''),
('938', '285', '', '', 'Santa Rita', ''),
('939', '286', '', '', 'El Socorro', ''),
('940', '286', '', '', 'Antonio José de Sucre', ''),
('941', '286', '', '', 'Los Caprichos', ''),
('942', '287', '', '', 'Campo Elías', ''),
('943', '287', '', '', 'Arnoldo Gabaldón', ''),
('944', '288', '', '', 'Santa Apolonia', ''),
('945', '288', '', '', 'El Progreso', ''),
('946', '288', '', '', 'La Ceiba', ''),
('947', '288', '', '', 'Tres de Febrero', ''),
('948', '289', '', '', 'El Dividive', ''),
('949', '289', '', '', 'Agua Santa', ''),
('950', '289', '', '', 'Agua Caliente', ''),
('951', '289', '', '', 'El Cenizo', ''),
('952', '289', '', '', 'Valerita', ''),
('953', '290', '', '', 'Monte Carmelo', ''),
('954', '290', '', '', 'Buena Vista', ''),
('955', '290', '', '', 'Santa María del Horcón', ''),
('956', '291', '', '', 'Motatán', ''),
('957', '291', '', '', 'El Baño', ''),
('958', '291', '', '', 'Jalisco', ''),
('959', '292', '', '', 'Pampán', ''),
('960', '292', '', '', 'Flor de Patria', ''),
('961', '292', '', '', 'La Paz', ''),
('962', '292', '', '', 'Santa Ana', ''),
('963', '293', '', '', 'Pampanito', ''),
('964', '293', '', '', 'La Concepción', ''),
('965', '293', '', '', 'Pampanito II', ''),
('966', '294', '', '', 'Betijoque', ''),
('967', '294', '', '', 'La Pueblita', ''),
('968', '294', '', '', 'Los Cedros', ''),
('969', '294', '', '', 'José Gregorio Hernández', ''),
('970', '295', '', '', 'Carvajal', ''),
('971', '295', '', '', 'Antonio Nicolás Briceño', ''),
('972', '295', '', '', 'Campo Alegre', ''),
('973', '295', '', '', 'José Leonardo Suárez', ''),
('974', '296', '', '', 'Sabana de Mendoza', ''),
('975', '296', '', '', 'El Paraíso', ''),
('976', '296', '', '', 'Junín', ''),
('977', '296', '', '', 'Valmore Rodríguez', ''),
('978', '297', '', '', 'Andrés Linares', ''),
('979', '297', '', '', 'Chiquinquirá', ''),
('980', '297', '', '', 'Cristóbal Mendoza', ''),
('981', '297', '', '', 'Cruz Carrillo', ''),
('982', '297', '', '', 'Matriz', ''),
('983', '297', '', '', 'Monseñor Carrillo', ''),
('984', '297', '', '', 'Tres Esquinas', ''),
('985', '298', '', '', 'La Quebrada', ''),
('986', '298', '', '', 'Cabimbú', ''),
('987', '298', '', '', 'Jajó', ''),
('988', '298', '', '', 'La Mesa', ''),
('989', '298', '', '', 'Santiago', ''),
('990', '298', '', '', 'Tuñame', ''),
('991', '299', '', '', 'Juan Ignacio Montilla', ''),
('992', '299', '', '', 'La Beatriz', ''),
('993', '299', '', '', 'Mercedes Díaz', ''),
('994', '299', '', '', 'San Luis', ''),
('995', '299', '', '', 'La Puerta', ''),
('996', '299', '', '', 'Mendoza', ''),
('997', '300', '', '', 'Capital Arístides Bastidas', ''),
('998', '301', '', '', 'Capital Bolívar', ''),
('999', '302', '', '', 'Capital Bruzual', ''),
('1000', '302', '', '', 'Campo Elías', ''),
('1001', '303', '', '', 'Capital Cocorote', ''),
('1002', '304', '', '', 'Capital Independencia', ''),
('1003', '305', '', '', 'Capital José Antonio Páez', ''),
('1004', '306', '', '', 'Capital La Trinidad', ''),
('1005', '307', '', '', 'Capital Manuel Monge', ''),
('1006', '308', '', '', 'Capital Nirgua', ''),
('1007', '308', '', '', 'Salom', ''),
('1008', '308', '', '', 'Temerla', ''),
('1009', '309', '', '', 'Capital Peña', ''),
('1010', '309', '', '', 'San Andrés', ''),
('1011', '310', '', '', 'Capital San Felipe', ''),
('1012', '310', '', '', 'Albarico', ''),
('1013', '310', '', '', 'San Javier', ''),
('1014', '311', '', '', 'Capital Sucre', ''),
('1015', '312', '', '', 'Capital Urachiche', ''),
('1016', '313', '', '', 'Capital Veroes', ''),
('1017', '313', '', '', 'El Guayabo', ''),
('1018', '314', '', '', 'Isla de Toas', ''),
('1019', '314', '', '', 'Monagas', ''),
('1020', '315', '', '', 'San Timoteo', ''),
('1021', '315', '', '', 'General Urdaneta', ''),
('1022', '315', '', '', 'Libertador', ''),
('1023', '315', '', '', 'Manuel Guanipa Matos', ''),
('1024', '315', '', '', 'Marcelino Briceño', ''),
('1025', '315', '', '', 'Pueblo Nuevo', ''),
('1026', '316', '', '', 'Ambrosio', ''),
('1027', '316', '', '', 'Carmen Herrera', ''),
('1028', '316', '', '', 'Germán Ríos Linares', ''),
('1029', '316', '', '', 'La Rosa', ''),
('1030', '316', '', '', 'Jorge Hernández', ''),
('1031', '316', '', '', 'Rómulo Betancourt', ''),
('1032', '316', '', '', 'San Benito', ''),
('1033', '316', '', '', 'Arístides Calvani', ''),
('1034', '316', '', '', 'Punta Gorda', ''),
('1035', '317', '', '', 'Encontrados', ''),
('1036', '317', '', '', 'Udón Pérez', ''),
('1037', '318', '', '', 'San Carlos del Zulia', ''),
('1038', '318', '', '', 'Moralito', ''),
('1039', '318', '', '', 'Santa Bárbara', ''),
('1040', '318', '', '', 'Santa Cruz del Zulia', ''),
('1041', '318', '', '', 'Urribarri', ''),
('1042', '319', '', '', 'Simón Rodríguez', ''),
('1043', '319', '', '', 'Carlos Quevedo', ''),
('1044', '319', '', '', 'Francisco Javier Pulgar', ''),
('1045', '320', '', '', 'La Concepción', ''),
('1046', '320', '', '', 'José Ramón Yepes', ''),
('1047', '320', '', '', 'Mariano Parra León', ''),
('1048', '320', '', '', 'San José', ''),
('1049', '321', '', '', 'Jesús María Semprún', ''),
('1050', '321', '', '', 'Barí', ''),
('1051', '322', '', '', 'Concepción', ''),
('1052', '322', '', '', 'Andrés Bello', ''),
('1053', '322', '', '', 'Chiquinquirá', ''),
('1054', '322', '', '', 'El Carmelo', ''),
('1055', '322', '', '', 'Potreritos', ''),
('1056', '323', '', '', 'Alonso de Ojeda', ''),
('1057', '323', '', '', 'Libertad', ''),
('1058', '323', '', '', 'Campo Lara', ''),
('1059', '323', '', '', 'Eleazar López Contreras', ''),
('1060', '323', '', '', 'Venezuela', ''),
('1061', '324', '', '', 'Libertad', ''),
('1062', '324', '', '', 'Bartolomé de las Casas', ''),
('1063', '324', '', '', 'Río Negro', ''),
('1064', '324', '', '', 'San José de Perijá', ''),
('1065', '325', '', '', 'San Rafael', ''),
('1066', '325', '', '', 'La Sierrita', ''),
('1067', '325', '', '', 'Las Parcelas', ''),
('1068', '325', '', '', 'Luis de Vicente', ''),
('1069', '325', '', '', 'Monseñor Marcos Sergio Godoy', ''),
('1070', '325', '', '', 'Ricaurte', ''),
('1071', '325', '', '', 'Tamare', ''),
('1072', '326', '', '', 'Antonio Borjas Romero', ''),
('1073', '326', '', '', 'Bolívar', ''),
('1074', '326', '', '', 'Cacique Mara', ''),
('1075', '326', '', '', 'Caracciolo Parra Pérez', ''),
('1076', '326', '', '', 'Cecilio Acosta', ''),
('1077', '326', '', '', 'Cristo de Aranza', ''),
('1078', '326', '', '', 'Coquivacoa', ''),
('1079', '326', '', '', 'Chiquinquirá', ''),
('1080', '326', '', '', 'Francisco Eugenio Bustamante', ''),
('1081', '326', '', '', 'Idelfonso Vásquez', ''),
('1082', '326', '', '', 'Juana de Avila', ''),
('1083', '326', '', '', 'Luis Hurtado Higuera', ''),
('1084', '326', '', '', 'Manuel Dagnino', ''),
('1085', '326', '', '', 'Olegario Villalobos', ''),
('1086', '326', '', '', 'Raúl Leoni', ''),
('1087', '326', '', '', 'Santa Lucía', ''),
('1088', '326', '', '', 'Venancio Pulgar', ''),
('1089', '326', '', '', 'San Isidro', ''),
('1090', '327', '', '', 'Altagracia', ''),
('1091', '327', '', '', 'Ana María Campos', ''),
('1092', '327', '', '', 'Faría', ''),
('1093', '327', '', '', 'San Antonio', ''),
('1094', '327', '', '', 'San José', ''),
('1095', '328', '', '', 'Sinamaica', ''),
('1096', '328', '', '', 'Alta Guajira', ''),
('1097', '328', '', '', 'Elías Sánchez Rubio', ''),
('1098', '328', '', '', 'Guajira', ''),
('1099', '329', '', '', 'El Rosario', ''),
('1100', '329', '', '', 'Donaldo García', ''),
('1101', '329', '', '', 'Sixto Zambrano', ''),
('1102', '330', '', '', 'San Francisco', ''),
('1103', '330', '', '', 'El Bajo', ''),
('1104', '330', '', '', 'Domitila Flores', ''),
('1105', '330', '', '', 'Francisco Ochoa', ''),
('1106', '330', '', '', 'Los Cortijos', ''),
('1107', '330', '', '', 'Marcial Hernández', ''),
('1108', '331', '', '', 'Santa Rita', ''),
('1109', '331', '', '', 'El Mene', ''),
('1110', '331', '', '', 'José Cenovio Urribarri', ''),
('1111', '331', '', '', 'Pedro Lucas Urribarri', ''),
('1112', '332', '', '', 'Manuel Manrique', ''),
('1113', '332', '', '', 'Rafael María Baralt', ''),
('1114', '332', '', '', 'Rafael Urdaneta', ''),
('1115', '333', '', '', 'Bobures', ''),
('1116', '333', '', '', 'El Batey', ''),
('1117', '333', '', '', 'Gibraltar', ''),
('1118', '333', '', '', 'Heras', ''),
('1119', '333', '', '', 'Monseñor Arturo Celestino Alvarez', ''),
('1120', '333', '', '', 'Rómulo Gallegos', ''),
('1121', '334', '', '', 'La Victoria', ''),
('1122', '334', '', '', 'Rafael Urdaneta', ''),
('1123', '334', '', '', 'Raúl Cuenca', ''),
('1124', '335', '', '', 'Caraballeda', ''),
('1125', '335', '', '', 'Carayaca', ''),
('1126', '335', '', '', 'Caruao', ''),
('1127', '335', '', '', 'Catia La Mar', ''),
('1128', '335', '', '', 'El Junko', ''),
('1129', '335', '', '', 'La Guaira', ''),
('1130', '335', '', '', 'Macuto', ''),
('1131', '335', '', '', 'Maiquetía', ''),
('1132', '335', '', '', 'Naiguatá', ''),
('1133', '335', '', '', 'Raúl Leoni', ''),
('1134', '335', '', '', 'Carlos Soublette', '');

-- --------------------------------------------------------

--
-- Estructura de tabla para la tabla `codigo`
--

CREATE TABLE IF NOT EXISTS `codigo` (
  `id` int(200) NOT NULL AUTO_INCREMENT,
  `cod_usuario` varchar(200) NOT NULL,
  `asoc_cedula` varchar(200) NOT NULL,
  `codigo` varchar(200) NOT NULL,
  PRIMARY KEY (`id`)
) ENGINE=MyISAM DEFAULT CHARSET=utf8 COMMENT='Muestra el o los codigos asociados a un usuario' AUTO_INCREMENT=1 ;

-- --------------------------------------------------------

--
-- Estructura de tabla para la tabla `datos_comite`
--

CREATE TABLE IF NOT EXISTS `datos_comite` (
  `id` int(200) NOT NULL AUTO_INCREMENT,
  `cod_censo` varchar(200) NOT NULL,
  `cod_censo_tipo_comite` varchar(200) NOT NULL,
  `cod_doc_externos` varchar(50) NOT NULL,
  `normas_internas` varchar(200) NOT NULL,
  `reuniones_celebradas` varchar(10) NOT NULL,
  `doc_interno_dilemas_bioeticos` varchar(200) NOT NULL,
  PRIMARY KEY (`id`)
) ENGINE=MyISAM DEFAULT CHARSET=utf8 COMMENT='Almacena los datos de un comite de bioetica formalmente cons' AUTO_INCREMENT=1 ;

-- --------------------------------------------------------

--
-- Estructura de tabla para la tabla `datos_institucionales`
--

CREATE TABLE IF NOT EXISTS `datos_institucionales` (
  `id` int(200) NOT NULL AUTO_INCREMENT,
  `cod_censo` varchar(200) NOT NULL,
  `naturaleza` varchar(200) NOT NULL,
  `tipo_establecimiento` varchar(200) NOT NULL,
  `nombre_institucion` varchar(200) NOT NULL,
  `estado` varchar(200) NOT NULL,
  `municipio` varchar(200) NOT NULL,
  `ciudad` varchar(200) NOT NULL,
  `sector` varchar(200) NOT NULL,
  `calle` varchar(200) NOT NULL,
  `telefono` varchar(50) NOT NULL,
  `fax` varchar(50) NOT NULL,
  `correo` varchar(50) NOT NULL,
  `pagina_web` varchar(50) NOT NULL,
  PRIMARY KEY (`id`)
) ENGINE=MyISAM DEFAULT CHARSET=utf8 COMMENT='Almacena algunos datos institucionales referentes a los comi' AUTO_INCREMENT=1 ;

-- --------------------------------------------------------

--
-- Estructura de tabla para la tabla `datos_miembro_comite`
--

CREATE TABLE IF NOT EXISTS `datos_miembro_comite` (
  `id` int(200) NOT NULL AUTO_INCREMENT,
  `cod_censo` varchar(200) NOT NULL,
  `cod_censo_tipo_comite` varchar(200) NOT NULL,
  `nombre` varchar(200) NOT NULL,
  `apellido` varchar(200) NOT NULL,
  `cedula` varchar(200) NOT NULL,
  `profesion_oficio` varchar(200) NOT NULL,
  `telefono` varchar(50) NOT NULL,
  `correo` varchar(50) NOT NULL,
  `cargo` varchar(200) NOT NULL,
  `fecha_designacion` varchar(200) NOT NULL,
  PRIMARY KEY (`id`)
) ENGINE=MyISAM DEFAULT CHARSET=utf8 COMMENT='Almacena los datos de los miembros del comite de bioetica' AUTO_INCREMENT=1 ;

-- --------------------------------------------------------

--
-- Estructura de tabla para la tabla `doc_externos`
--

CREATE TABLE IF NOT EXISTS `doc_externos` (
  `id` int(200) NOT NULL AUTO_INCREMENT,
  `cod_censo` varchar(200) NOT NULL,
  `cod_tipo_comite` varchar(200) NOT NULL,
  `nombre` varchar(200) NOT NULL,
  `institucion` varchar(200) NOT NULL,
  `origen` varchar(50) NOT NULL,
  `hipervinculo` varchar(200) NOT NULL,
  PRIMARY KEY (`id`)
) ENGINE=MyISAM DEFAULT CHARSET=utf8 COMMENT='Almacena informacion de archivos externos asociados a un tip' AUTO_INCREMENT=1 ;

-- --------------------------------------------------------

--
-- Estructura de tabla para la tabla `estado`
--

CREATE TABLE IF NOT EXISTS `estado` (
  `id` int(200) NOT NULL AUTO_INCREMENT,
  `abrev_estado` varchar(50) NOT NULL,
  `estado` varchar(200) NOT NULL,
  `descripcion` varchar(200) NOT NULL,
  PRIMARY KEY (`id`)
) ENGINE=MyISAM  DEFAULT CHARSET=utf8 COMMENT='Almacena los estados de la republica bolivariana de venezuel' AUTO_INCREMENT=25 ;

--
-- Volcado de datos para la tabla `estado`
--

INSERT INTO `estado` (`id`, `abrev_estado`, `estado`, `descripcion`) VALUES
(1, 'AMA', 'Amazonas', ''),
(2, 'ANZ', 'Anzoategui', ''),
(3, 'APU', 'Apure', ''),
(4, 'ARA', 'Aragua', ''),
(5, 'BAR', 'Barinas', ''),
(6, 'BOL', 'Bolívar', ''),
(7, 'CAR', 'Carabobo', ''),
(8, 'COJ', 'Cojedes', ''),
(9, 'DA', 'Delta Amacuro', ''),
(10, 'DC', 'Distrito Capital', ''),
(11, 'FAL', 'Falcón', ''),
(12, 'GUA', 'Guárico', ''),
(13, 'LAR', 'Lara', ''),
(14, 'MER', 'Mérida', ''),
(15, 'MIR', 'Miranda', ''),
(16, 'MON', 'Monagas', ''),
(17, 'NE', 'Nueva Esparta', ''),
(18, 'POR', 'Portuguesa', ''),
(19, 'SUC', 'Sucre', ''),
(20, 'TAC', 'Táchira', ''),
(21, 'TRU', 'Trujillo', ''),
(22, 'VAR', 'Vargas', ''),
(23, 'YAR', 'Yaracuy', ''),
(24, 'ZUL', 'Zulia', '');

-- --------------------------------------------------------

--
-- Estructura de tabla para la tabla `municipio`
--

CREATE TABLE IF NOT EXISTS `municipio` (
  `id` varchar(255) DEFAULT NULL,
  `cod_estado` varchar(255) DEFAULT NULL,
  `abrev_estado` varchar(255) DEFAULT NULL,
  `abrev_municipio` varchar(255) DEFAULT NULL,
  `municipio` varchar(255) DEFAULT NULL,
  `descripcion` varchar(255) DEFAULT NULL
) ENGINE=MyISAM DEFAULT CHARSET=utf8;

--
-- Volcado de datos para la tabla `municipio`
--

INSERT INTO `municipio` (`id`, `cod_estado`, `abrev_estado`, `abrev_municipio`, `municipio`, `descripcion`) VALUES
('1', '10', 'DC', '', 'Libertador', ''),
('2', '1', 'AMA', '', 'Autónomo Alto Orinoco', ''),
('3', '1', 'AMA', '', 'Autónomo Atabapo', ''),
('4', '1', 'AMA', '', 'Autónomo Atures', ''),
('5', '1', 'AMA', '', 'Autónomo Autana', ''),
('6', '1', 'AMA', '', 'Autónomo Maroa', ''),
('7', '1', 'AMA', '', 'Autónomo Manapiare', ''),
('8', '1', 'AMA', '', 'Autónomo Río Negro', ''),
('9', '2', 'ANZ', '', 'Anaco', ''),
('10', '2', 'ANZ', '', 'Aragua', ''),
('11', '2', 'ANZ', '', 'Fernando de Peñalver', ''),
('12', '2', 'ANZ', '', 'Francisco del Carmen Carvajal', ''),
('13', '2', 'ANZ', '', 'Francisco de Miranda', ''),
('14', '2', 'ANZ', '', 'Guanta', ''),
('15', '2', 'ANZ', '', 'Independencia', ''),
('16', '2', 'ANZ', '', 'Juan Antonio Sotillo', ''),
('17', '2', 'ANZ', '', 'Juan Manuel Cajigal', ''),
('18', '2', 'ANZ', '', 'José Gregorio Monagas', ''),
('19', '2', 'ANZ', '', 'Libertad', ''),
('20', '2', 'ANZ', '', 'Manuel Ezequiel Bruzual', ''),
('21', '2', 'ANZ', '', 'Pedro María Freites', ''),
('22', '2', 'ANZ', '', 'Píritu', ''),
('23', '2', 'ANZ', '', 'San José de Guanipa', ''),
('24', '2', 'ANZ', '', 'San Juan de Capistrano', ''),
('25', '2', 'ANZ', '', 'Santa Ana', ''),
('26', '2', 'ANZ', '', 'Simón Bolívar', ''),
('27', '2', 'ANZ', '', 'Simón Rodríguez', ''),
('28', '2', 'ANZ', '', 'Sir Arthur Mc Gregor', ''),
('29', '2', 'ANZ', '', 'Diego Bautista Urbaneja', ''),
('30', '3', 'APU', '', 'Achaguas', ''),
('31', '3', 'APU', '', 'Biruaca', ''),
('32', '3', 'APU', '', 'Muñoz', ''),
('33', '3', 'APU', '', 'Páez', ''),
('34', '3', 'APU', '', 'Pedro Camejo', ''),
('35', '3', 'APU', '', 'Rómulo Gallegos', ''),
('36', '3', 'APU', '', 'San Fernando', ''),
('37', '4', 'ARA', '', 'Bolívar', ''),
('38', '4', 'ARA', '', 'Camatagua', ''),
('39', '4', 'ARA', '', 'Girardot', ''),
('40', '4', 'ARA', '', 'José Angel Lamas', ''),
('41', '4', 'ARA', '', 'José Félix Ribas', ''),
('42', '4', 'ARA', '', 'José Rafael Revenga', ''),
('43', '4', 'ARA', '', 'Libertador', ''),
('44', '4', 'ARA', '', 'Mario Briceño Iragorry', ''),
('45', '4', 'ARA', '', 'San Casimiro', ''),
('46', '4', 'ARA', '', 'San Sebastián', ''),
('47', '4', 'ARA', '', 'Santiago Mariño', ''),
('48', '4', 'ARA', '', 'Santos Michelena', ''),
('49', '4', 'ARA', '', 'Sucre', ''),
('50', '4', 'ARA', '', 'Tovar', ''),
('51', '4', 'ARA', '', 'Urdaneta', ''),
('52', '4', 'ARA', '', 'Zamora', ''),
('53', '4', 'ARA', '', 'Francisco Linares Alcántara', ''),
('54', '4', 'ARA', '', 'Ocumare de La Costa de Oro', ''),
('55', '5', 'BAR', '', 'Alberto Arvelo Torrealba', ''),
('56', '5', 'BAR', '', 'Antonio José de Sucre', ''),
('57', '5', 'BAR', '', 'Arismendi', ''),
('58', '5', 'BAR', '', 'Barinas', ''),
('59', '5', 'BAR', '', 'Bolívar', ''),
('60', '5', 'BAR', '', 'Cruz Paredes', ''),
('61', '5', 'BAR', '', 'Ezequiel Zamora', ''),
('62', '5', 'BAR', '', 'Obispos', ''),
('63', '5', 'BAR', '', 'Pedraza', ''),
('64', '5', 'BAR', '', 'Rojas', ''),
('65', '5', 'BAR', '', 'Sosa', ''),
('66', '5', 'BAR', '', 'Andrés Eloy Blanco', ''),
('67', '6', 'BOL', '', 'Caroní', ''),
('68', '6', 'BOL', '', 'Cedeño', ''),
('69', '6', 'BOL', '', 'El Callao', ''),
('70', '6', 'BOL', '', 'Gran Sabana', ''),
('71', '6', 'BOL', '', 'Heres', ''),
('72', '6', 'BOL', '', 'Piar', ''),
('73', '6', 'BOL', '', 'Raúl Leoni', ''),
('74', '6', 'BOL', '', 'Roscio', ''),
('75', '6', 'BOL', '', 'Sifontes', ''),
('76', '6', 'BOL', '', 'Sucre', ''),
('77', '6', 'BOL', '', 'Padre Pedro Chien', ''),
('78', '7', 'CAR', '', 'Bejuma', ''),
('79', '7', 'CAR', '', 'Carlos Arvelo', ''),
('80', '7', 'CAR', '', 'Diego Ibarra', ''),
('81', '7', 'CAR', '', 'Guacara', ''),
('82', '7', 'CAR', '', 'Juan José Mora', ''),
('83', '7', 'CAR', '', 'Libertador', ''),
('84', '7', 'CAR', '', 'Los Guayos', ''),
('85', '7', 'CAR', '', 'Miranda', ''),
('86', '7', 'CAR', '', 'Montalbán', ''),
('87', '7', 'CAR', '', 'Naguanagua', ''),
('88', '7', 'CAR', '', 'Puerto Cabello', ''),
('89', '7', 'CAR', '', 'San Diego', ''),
('90', '7', 'CAR', '', 'San Joaquín', ''),
('91', '7', 'CAR', '', 'Valencia', ''),
('92', '8', 'COJ', '', 'Anzoátegui', ''),
('93', '8', 'COJ', '', 'Falcón', ''),
('94', '8', 'COJ', '', 'Girardot', ''),
('95', '8', 'COJ', '', 'Lima Blanco', ''),
('96', '8', 'COJ', '', 'Pao de San Juan Bautista', ''),
('97', '8', 'COJ', '', 'Ricaurte', ''),
('98', '8', 'COJ', '', 'Rómulo Gallegos', ''),
('99', '8', 'COJ', '', 'San Carlos', ''),
('100', '8', 'COJ', '', 'Tinaco', ''),
('101', '9', 'DA', '', 'Antonio Díaz', ''),
('102', '9', 'DA', '', 'Casacoima', ''),
('103', '9', 'DA', '', 'Pedernales', ''),
('104', '9', 'DA', '', 'Tucupita', ''),
('105', '11', 'FAL', '', 'Acosta', ''),
('106', '11', 'FAL', '', 'Bolívar', ''),
('107', '11', 'FAL', '', 'Buchivacoa', ''),
('108', '11', 'FAL', '', 'Cacique Manaure', ''),
('109', '11', 'FAL', '', 'Carirubana', ''),
('110', '11', 'FAL', '', 'Colina', ''),
('111', '11', 'FAL', '', 'Dabajuro', ''),
('112', '11', 'FAL', '', 'Democracia', ''),
('113', '11', 'FAL', '', 'Falcón', ''),
('114', '11', 'FAL', '', 'Federación', ''),
('115', '11', 'FAL', '', 'Jacura', ''),
('116', '11', 'FAL', '', 'Los Taques', ''),
('117', '11', 'FAL', '', 'Mauroa', ''),
('118', '11', 'FAL', '', 'Miranda', ''),
('119', '11', 'FAL', '', 'Monseñor Iturriza', ''),
('120', '11', 'FAL', '', 'Palmasola', ''),
('121', '11', 'FAL', '', 'Petit', ''),
('122', '11', 'FAL', '', 'Píritu', ''),
('123', '11', 'FAL', '', 'San Francisco', ''),
('124', '11', 'FAL', '', 'Silva', ''),
('125', '11', 'FAL', '', 'Sucre', ''),
('126', '11', 'FAL', '', 'Tocópero', ''),
('127', '11', 'FAL', '', 'Unión', ''),
('128', '11', 'FAL', '', 'Urumaco', ''),
('129', '11', 'FAL', '', 'Zamora', ''),
('130', '12', 'GUA', '', 'Camaguán', ''),
('131', '12', 'GUA', '', 'Chaguaramas', ''),
('132', '12', 'GUA', '', 'El Socorro', ''),
('133', '12', 'GUA', '', 'San Gerónimo de Guayabal', ''),
('134', '12', 'GUA', '', 'Leonardo Infante', ''),
('135', '12', 'GUA', '', 'Las Mercedes', ''),
('136', '12', 'GUA', '', 'Julián Mellado', ''),
('137', '12', 'GUA', '', 'Francisco de Miranda', ''),
('138', '12', 'GUA', '', 'José Tadeo Monagas', ''),
('139', '12', 'GUA', '', 'Ortiz', ''),
('140', '12', 'GUA', '', 'José Félix Ribas', ''),
('141', '12', 'GUA', '', 'Juan Germán Roscio', ''),
('142', '12', 'GUA', '', 'San José de Guaribe', ''),
('143', '12', 'GUA', '', 'Santa María de Ipire', ''),
('144', '12', 'GUA', '', 'Pedro Zaraza', ''),
('145', '13', 'LAR', '', 'Andrés Eloy Blanco', ''),
('146', '13', 'LAR', '', 'Crespo', ''),
('147', '13', 'LAR', '', 'Iribarren', ''),
('148', '13', 'LAR', '', 'Jiménez', ''),
('149', '13', 'LAR', '', 'Morán', ''),
('150', '13', 'LAR', '', 'Palavecino', ''),
('151', '13', 'LAR', '', 'Simón Planas', ''),
('152', '13', 'LAR', '', 'Torres', ''),
('153', '13', 'LAR', '', 'Urdaneta', ''),
('154', '14', 'MER', '', 'Alberto Adriani ', ''),
('155', '14', 'MER', '', 'Andrés Bello', ''),
('156', '14', 'MER', '', 'Antonio Pinto Salinas', ''),
('157', '14', 'MER', '', 'Aricagua', ''),
('158', '14', 'MER', '', 'Arzobispo Chacón', ''),
('159', '14', 'MER', '', 'Campo Elías', ''),
('160', '14', 'MER', '', 'Caracciolo Parra Olmedo', ''),
('161', '14', 'MER', '', 'Cardenal Quintero', ''),
('162', '14', 'MER', '', 'Guaraque', ''),
('163', '14', 'MER', '', 'Julio César Salas', ''),
('164', '14', 'MER', '', 'Justo Briceño', ''),
('165', '14', 'MER', '', 'Libertador', ''),
('166', '14', 'MER', '', 'Miranda', ''),
('167', '14', 'MER', '', 'Obispo Ramos de Lora', ''),
('168', '14', 'MER', '', 'Padre Noguera', ''),
('169', '14', 'MER', '', 'Pueblo Llano', ''),
('170', '14', 'MER', '', 'Rangel', ''),
('171', '14', 'MER', '', 'Rivas Dávila', ''),
('172', '14', 'MER', '', 'Santos Marquina', ''),
('173', '14', 'MER', '', 'Sucre', ''),
('174', '14', 'MER', '', 'Tovar', ''),
('175', '14', 'MER', '', 'Tulio Febres Cordero', ''),
('176', '14', 'MER', '', 'Zea', ''),
('177', '15', 'MIR', '', 'Acevedo', ''),
('178', '15', 'MIR', '', 'Andrés Bello', ''),
('179', '15', 'MIR', '', 'Baruta', ''),
('180', '15', 'MIR', '', 'Brión', ''),
('181', '15', 'MIR', '', 'Buroz', ''),
('182', '15', 'MIR', '', 'Carrizal', ''),
('183', '15', 'MIR', '', 'Chacao', ''),
('184', '15', 'MIR', '', 'Cristóbal Rojas', ''),
('185', '15', 'MIR', '', 'El Hatillo', ''),
('186', '15', 'MIR', '', 'Guaicaipuro', ''),
('187', '15', 'MIR', '', 'Independencia', ''),
('188', '15', 'MIR', '', 'Lander', ''),
('189', '15', 'MIR', '', 'Los Salias', ''),
('190', '15', 'MIR', '', 'Páez', ''),
('191', '15', 'MIR', '', 'Paz Castillo', ''),
('192', '15', 'MIR', '', 'Pedro Gual', ''),
('193', '15', 'MIR', '', 'Plaza', ''),
('194', '15', 'MIR', '', 'Simón Bolívar', ''),
('195', '15', 'MIR', '', 'Sucre', ''),
('196', '15', 'MIR', '', 'Urdaneta', ''),
('197', '15', 'MIR', '', 'Zamora', ''),
('198', '16', 'MON', '', 'Acosta', ''),
('199', '16', 'MON', '', 'Aguasay', ''),
('200', '16', 'MON', '', 'Bolívar', ''),
('201', '16', 'MON', '', 'Caripe', ''),
('202', '16', 'MON', '', 'Cedeño', ''),
('203', '16', 'MON', '', 'Ezequiel Zamora', ''),
('204', '16', 'MON', '', 'Libertador', ''),
('205', '16', 'MON', '', 'Maturín', ''),
('206', '16', 'MON', '', 'Piar', ''),
('207', '16', 'MON', '', 'Punceres', ''),
('208', '16', 'MON', '', 'Santa Bárbara', ''),
('209', '16', 'MON', '', 'Sotillo', ''),
('210', '16', 'MON', '', 'Uracoa', ''),
('211', '17', 'NE', '', 'Antolín del Campo', ''),
('212', '17', 'NE', '', 'Arismendi', ''),
('213', '17', 'NE', '', 'Díaz', ''),
('214', '17', 'NE', '', 'García', ''),
('215', '17', 'NE', '', 'Gómez', ''),
('216', '17', 'NE', '', 'Maneiro', ''),
('217', '17', 'NE', '', 'Marcano', ''),
('218', '17', 'NE', '', 'Mariño', ''),
('219', '17', 'NE', '', 'Península de Macanao', ''),
('220', '17', 'NE', '', 'Tubores', ''),
('221', '17', 'NE', '', 'Villalba', ''),
('222', '18', 'POR', '', 'Agua Blanca', ''),
('223', '18', 'POR', '', 'Araure', ''),
('224', '18', 'POR', '', 'Esteller', ''),
('225', '18', 'POR', '', 'Guanare', ''),
('226', '18', 'POR', '', 'Guanarito', ''),
('227', '18', 'POR', '', 'Monseñor José Vicente de Unda', ''),
('228', '18', 'POR', '', 'Ospino', ''),
('229', '18', 'POR', '', 'Páez', ''),
('230', '18', 'POR', '', 'Papelón', ''),
('231', '18', 'POR', '', 'San Genaro de Boconoito', ''),
('232', '18', 'POR', '', 'San Rafael de Onoto', ''),
('233', '18', 'POR', '', 'Santa Rosalía', ''),
('234', '18', 'POR', '', 'Sucre', ''),
('235', '18', 'POR', '', 'Turén', ''),
('236', '19', 'SUC', '', 'Andrés Eloy Blanco', ''),
('237', '19', 'SUC', '', 'Andrés Mata', ''),
('238', '19', 'SUC', '', 'Arismendi', ''),
('239', '19', 'SUC', '', 'Benítez', ''),
('240', '19', 'SUC', '', 'Bermúdez', ''),
('241', '19', 'SUC', '', 'Bolívar', ''),
('242', '19', 'SUC', '', 'Cajigal', ''),
('243', '19', 'SUC', '', 'Cruz Salmerón Acosta', ''),
('244', '19', 'SUC', '', 'Libertador', ''),
('245', '19', 'SUC', '', 'Mariño', ''),
('246', '19', 'SUC', '', 'Mejía', ''),
('247', '19', 'SUC', '', 'Montes', ''),
('248', '19', 'SUC', '', 'Ribero', ''),
('249', '19', 'SUC', '', 'Sucre', ''),
('250', '19', 'SUC', '', 'Valdez', ''),
('251', '20', 'TAC', '', 'Andrés Bello', ''),
('252', '20', 'TAC', '', 'Antonio Rómulo', ''),
('253', '20', 'TAC', '', 'Ayacucho', ''),
('254', '20', 'TAC', '', 'Bolívar', ''),
('255', '20', 'TAC', '', 'Cárdenas', ''),
('256', '20', 'TAC', '', 'Córdoba', ''),
('257', '20', 'TAC', '', 'Fernández Feo', ''),
('258', '20', 'TAC', '', 'Francisco de Miranda', ''),
('259', '20', 'TAC', '', 'García de Hevia', ''),
('260', '20', 'TAC', '', 'Guásimos', ''),
('261', '20', 'TAC', '', 'Independencia', ''),
('262', '20', 'TAC', '', 'Jáuregui', ''),
('263', '20', 'TAC', '', 'José María Vargas', ''),
('264', '20', 'TAC', '', 'Junín', ''),
('265', '20', 'TAC', '', 'Libertad', ''),
('266', '20', 'TAC', '', 'Libertador', ''),
('267', '20', 'TAC', '', 'Lobatera', ''),
('268', '20', 'TAC', '', 'Michelena', ''),
('269', '20', 'TAC', '', 'Panamericano', ''),
('270', '20', 'TAC', '', 'Pedro María Ureña', ''),
('271', '20', 'TAC', '', 'Rafael Urdaneta', ''),
('272', '20', 'TAC', '', 'Samuel Darío Maldonado', ''),
('273', '20', 'TAC', '', 'San Cristóbal', ''),
('274', '20', 'TAC', '', 'Seboruco', ''),
('275', '20', 'TAC', '', 'Simón Rodríguez', ''),
('276', '20', 'TAC', '', 'Sucre', ''),
('277', '20', 'TAC', '', 'Torbes', ''),
('278', '20', 'TAC', '', 'Uribante', ''),
('279', '20', 'TAC', '', 'San Judas Tadeo', ''),
('280', '21', 'TRU', '', 'Andrés Bello', ''),
('281', '21', 'TRU', '', 'Boconó', ''),
('282', '21', 'TRU', '', 'Bolívar', ''),
('283', '21', 'TRU', '', 'Candelaria', ''),
('284', '21', 'TRU', '', 'Carache', ''),
('285', '21', 'TRU', '', 'Escuque', ''),
('286', '21', 'TRU', '', 'José Felipe Márquez Cañizales', ''),
('287', '21', 'TRU', '', 'Juan Vicente Campo Elías', ''),
('288', '21', 'TRU', '', 'La Ceiba', ''),
('289', '21', 'TRU', '', 'Miranda', ''),
('290', '21', 'TRU', '', 'Monte Carmelo', ''),
('291', '21', 'TRU', '', 'Motatán', ''),
('292', '21', 'TRU', '', 'Pampán', ''),
('293', '21', 'TRU', '', 'Pampanito', ''),
('294', '21', 'TRU', '', 'Rafael Rangel', ''),
('295', '21', 'TRU', '', 'San Rafael de Carvajal', ''),
('296', '21', 'TRU', '', 'Sucre', ''),
('297', '21', 'TRU', '', 'Trujillo', ''),
('298', '21', 'TRU', '', 'Urdaneta', ''),
('299', '21', 'TRU', '', 'Valera', ''),
('300', '23', 'YAR', '', 'Arístides Bastidas', ''),
('301', '23', 'YAR', '', 'Bolívar', ''),
('302', '23', 'YAR', '', 'Bruzual', ''),
('303', '23', 'YAR', '', 'Cocorote', ''),
('304', '23', 'YAR', '', 'Independencia', ''),
('305', '23', 'YAR', '', 'José Antonio Páez', ''),
('306', '23', 'YAR', '', 'La Trinidad', ''),
('307', '23', 'YAR', '', 'Manuel Monge', ''),
('308', '23', 'YAR', '', 'Nirgua', ''),
('309', '23', 'YAR', '', 'Peña', ''),
('310', '23', 'YAR', '', 'San Felipe', ''),
('311', '23', 'YAR', '', 'Sucre', ''),
('312', '23', 'YAR', '', 'Urachiche', ''),
('313', '23', 'YAR', '', 'Veroes', ''),
('314', '24', 'ZUL', '', 'Almirante Padilla', ''),
('315', '24', 'ZUL', '', 'Baralt', ''),
('316', '24', 'ZUL', '', 'Cabimas', ''),
('317', '24', 'ZUL', '', 'Catatumbo', ''),
('318', '24', 'ZUL', '', 'Colón', ''),
('319', '24', 'ZUL', '', 'Francisco Javier Pulgar', ''),
('320', '24', 'ZUL', '', 'Jesús Enrique Lossada', ''),
('321', '24', 'ZUL', '', 'Jesús María Semprún', ''),
('322', '24', 'ZUL', '', 'La Cañada de Urdaneta', ''),
('323', '24', 'ZUL', '', 'Lagunillas', ''),
('324', '24', 'ZUL', '', 'Machiques de Perijá', ''),
('325', '24', 'ZUL', '', 'Mara', ''),
('326', '24', 'ZUL', '', 'Maracaibo', ''),
('327', '24', 'ZUL', '', 'Miranda', ''),
('328', '24', 'ZUL', '', 'Páez', ''),
('329', '24', 'ZUL', '', 'Rosario de Perijá', ''),
('330', '24', 'ZUL', '', 'San Francisco', ''),
('331', '24', 'ZUL', '', 'Santa Rita', ''),
('332', '24', 'ZUL', '', 'Simón Bolívar', ''),
('333', '24', 'ZUL', '', 'Sucre', ''),
('334', '24', 'ZUL', '', 'Valmore Rodríguez', ''),
('335', '22', 'VAR', '', 'Vargas', '');

-- --------------------------------------------------------

--
-- Estructura de tabla para la tabla `nacionalidad`
--

CREATE TABLE IF NOT EXISTS `nacionalidad` (
  `id` int(50) NOT NULL AUTO_INCREMENT,
  `nacionalidad` varchar(200) NOT NULL,
  `descripcion` varchar(200) NOT NULL,
  PRIMARY KEY (`id`)
) ENGINE=MyISAM  DEFAULT CHARSET=utf8 COMMENT='Almacena la Nacionalidad del Usuario' AUTO_INCREMENT=3 ;

--
-- Volcado de datos para la tabla `nacionalidad`
--

INSERT INTO `nacionalidad` (`id`, `nacionalidad`, `descripcion`) VALUES
(1, 'Venezolana', ''),
(2, 'Extranjera', '');

-- --------------------------------------------------------

--
-- Estructura de tabla para la tabla `naturaleza`
--

CREATE TABLE IF NOT EXISTS `naturaleza` (
  `id` int(200) NOT NULL AUTO_INCREMENT,
  `naturaleza` varchar(10) NOT NULL,
  `descripcion` varchar(200) NOT NULL,
  PRIMARY KEY (`id`)
) ENGINE=MyISAM  DEFAULT CHARSET=utf8 COMMENT='Almacena los tipos de naturaleza institucional' AUTO_INCREMENT=3 ;

--
-- Volcado de datos para la tabla `naturaleza`
--

INSERT INTO `naturaleza` (`id`, `naturaleza`, `descripcion`) VALUES
(1, 'Pública', ''),
(2, 'Privada', '');

-- --------------------------------------------------------

--
-- Estructura de tabla para la tabla `nombre_institucion`
--

CREATE TABLE IF NOT EXISTS `nombre_institucion` (
  `id` int(200) NOT NULL AUTO_INCREMENT,
  `cod_naturaleza` varchar(200) NOT NULL,
  `nombre_institucion` varchar(200) NOT NULL,
  `descripcion` varchar(300) NOT NULL,
  PRIMARY KEY (`id`)
) ENGINE=MyISAM  DEFAULT CHARSET=utf8 COMMENT='Nombre de la Institucion' AUTO_INCREMENT=5 ;

--
-- Volcado de datos para la tabla `nombre_institucion`
--

INSERT INTO `nombre_institucion` (`id`, `cod_naturaleza`, `nombre_institucion`, `descripcion`) VALUES
(1, '1', 'Clinica Metropolitana', ''),
(2, '1', 'Clinica Atias', ''),
(3, '2', 'Hospital Universitario', ''),
(4, '2', 'Hospital Victorino Santaella', '');

-- --------------------------------------------------------

--
-- Estructura de tabla para la tabla `observaciones_comite`
--

CREATE TABLE IF NOT EXISTS `observaciones_comite` (
  `id` int(200) NOT NULL AUTO_INCREMENT,
  `cod_censo` varchar(200) NOT NULL,
  `cod_censo_tipo_comite` varchar(50) NOT NULL,
  `observaciones_comite` varchar(400) NOT NULL,
  PRIMARY KEY (`id`)
) ENGINE=MyISAM DEFAULT CHARSET=utf8 COMMENT='Almacena las observaciones de los comites de bioetica' AUTO_INCREMENT=1 ;

-- --------------------------------------------------------

--
-- Estructura de tabla para la tabla `origen`
--

CREATE TABLE IF NOT EXISTS `origen` (
  `id` int(200) NOT NULL AUTO_INCREMENT,
  `origen` varchar(200) NOT NULL,
  `descripcion` varchar(200) NOT NULL,
  PRIMARY KEY (`id`)
) ENGINE=MyISAM DEFAULT CHARSET=utf8 COMMENT='Almacena los tipos de origen de un documento obtenido de otr' AUTO_INCREMENT=1 ;

-- --------------------------------------------------------

--
-- Estructura de tabla para la tabla `posee`
--

CREATE TABLE IF NOT EXISTS `posee` (
  `id` int(200) NOT NULL AUTO_INCREMENT,
  `posee` varchar(20) NOT NULL,
  `descripcion` varchar(200) NOT NULL,
  PRIMARY KEY (`id`)
) ENGINE=MyISAM  DEFAULT CHARSET=utf8 AUTO_INCREMENT=3 ;

--
-- Volcado de datos para la tabla `posee`
--

INSERT INTO `posee` (`id`, `posee`, `descripcion`) VALUES
(1, 'Si', ''),
(2, 'No', '');

-- --------------------------------------------------------

--
-- Estructura de tabla para la tabla `privilegio`
--

CREATE TABLE IF NOT EXISTS `privilegio` (
  `id` int(200) NOT NULL AUTO_INCREMENT,
  `privilegio` varchar(10) NOT NULL,
  `descripcion` varchar(200) NOT NULL,
  PRIMARY KEY (`id`)
) ENGINE=MyISAM  DEFAULT CHARSET=utf8 COMMENT='Almacena los tipos de cuenta del sistema' AUTO_INCREMENT=5 ;

--
-- Volcado de datos para la tabla `privilegio`
--

INSERT INTO `privilegio` (`id`, `privilegio`, `descripcion`) VALUES
(1, '0', 'Administrador'),
(2, '1', 'Usuario Común'),
(3, '2', 'Usuario Desactivado'),
(4, '3', 'Administrador Maestro');

-- --------------------------------------------------------

--
-- Estructura de tabla para la tabla `solicitud`
--

CREATE TABLE IF NOT EXISTS `solicitud` (
  `id` int(200) NOT NULL AUTO_INCREMENT,
  `nombre` varchar(200) NOT NULL,
  `apellido` varchar(200) NOT NULL,
  `cedula` varchar(200) NOT NULL,
  `nacionalidad` varchar(200) NOT NULL,
  `correo` varchar(200) NOT NULL,
  `telefono` varchar(200) NOT NULL,
  `fecha` varchar(200) NOT NULL,
  `hora` varchar(200) NOT NULL,
  PRIMARY KEY (`id`)
) ENGINE=MyISAM  DEFAULT CHARSET=utf8 COMMENT='Almacena los datos de los usuarios que solicitan una cuenta' AUTO_INCREMENT=11 ;

--
-- Volcado de datos para la tabla `solicitud`
--

INSERT INTO `solicitud` (`id`, `nombre`, `apellido`, `cedula`, `nacionalidad`, `correo`, `telefono`, `fecha`, `hora`) VALUES
(9, 'Pepe', 'Rojas', '20147859', 'Venezolana', 'projas@inhrr.gob.ve', '02122191615', '2013-07-31', '03:48:13'),
(10, '', '', '', '', '', '', '2013-11-28', '06:55:10');

-- --------------------------------------------------------

--
-- Estructura de tabla para la tabla `tipo_comite`
--

CREATE TABLE IF NOT EXISTS `tipo_comite` (
  `id` int(200) NOT NULL AUTO_INCREMENT,
  `tipo_comite` varchar(200) NOT NULL,
  `descripcion` varchar(200) NOT NULL,
  PRIMARY KEY (`id`)
) ENGINE=MyISAM  DEFAULT CHARSET=utf8 COMMENT='Almacena los tipos de comite' AUTO_INCREMENT=4 ;

--
-- Volcado de datos para la tabla `tipo_comite`
--

INSERT INTO `tipo_comite` (`id`, `tipo_comite`, `descripcion`) VALUES
(1, 'Comité de Bioética Asistencial', ''),
(2, 'Comité de Bioética de la Investigación', ''),
(3, 'Comité de Bioética Mixto', '');

-- --------------------------------------------------------

--
-- Estructura de tabla para la tabla `tipo_establecimiento`
--

CREATE TABLE IF NOT EXISTS `tipo_establecimiento` (
  `id` int(200) NOT NULL AUTO_INCREMENT,
  `cod_naturaleza` varchar(10) NOT NULL,
  `tipo_establecimiento` varchar(50) NOT NULL,
  `descripcion` varchar(200) NOT NULL,
  PRIMARY KEY (`id`)
) ENGINE=MyISAM  DEFAULT CHARSET=utf8 COMMENT='Almacena los tipos de establecimiento' AUTO_INCREMENT=6 ;

--
-- Volcado de datos para la tabla `tipo_establecimiento`
--

INSERT INTO `tipo_establecimiento` (`id`, `cod_naturaleza`, `tipo_establecimiento`, `descripcion`) VALUES
(1, '1', '1era Asociación - Naturaleza Pública', ''),
(2, '1', '2da Asociación - Naturaleza Pública', ''),
(3, '1', '3era Asociación - Naturaleza Pública', ''),
(4, '2', '1ra Asociación - Naturaleza Privada', ''),
(5, '2', '2ra Asociación - Naturaleza Privada', '');

-- --------------------------------------------------------

--
-- Estructura de tabla para la tabla `usuarios`
--

CREATE TABLE IF NOT EXISTS `usuarios` (
  `id` int(200) NOT NULL AUTO_INCREMENT,
  `nombre` varchar(200) NOT NULL,
  `apellido` varchar(200) NOT NULL,
  `cedula` varchar(200) NOT NULL,
  `nacionalidad` varchar(200) NOT NULL,
  `correo` varchar(200) NOT NULL,
  `telefono` varchar(200) NOT NULL,
  `contrasenia` varchar(200) NOT NULL,
  `privilegio` varchar(10) NOT NULL,
  `estatus` varchar(10) NOT NULL,
  `fecha` varchar(200) NOT NULL,
  `hora` varchar(200) NOT NULL,
  PRIMARY KEY (`id`)
) ENGINE=MyISAM DEFAULT CHARSET=utf8 COMMENT='Almacena los datos de los usuarios del sistema' AUTO_INCREMENT=1 ;

/*!40101 SET CHARACTER_SET_CLIENT=@OLD_CHARACTER_SET_CLIENT */;
/*!40101 SET CHARACTER_SET_RESULTS=@OLD_CHARACTER_SET_RESULTS */;
/*!40101 SET COLLATION_CONNECTION=@OLD_COLLATION_CONNECTION */;
